item_id,order_id,product_id,quantity,unit_price,discount_percent
OI000001,O00870,P0001,-3,40441.69,5.02
OI000002,O00458,P0001,-3,42637.31,11.23
OI000003,O00592,P0001,-2,33417.51,21.37
OI000004,O00599,P0001,-3,38321.18,28.67
OI000005,O00546,P0001,-2,39898.63,19.14
OI000006,O00870,P0001,-3,41003.3,6.22
OI000007,O00268,P0001,-2,44442.67,11.88
OI000008,O00374,P0001,-2,44854.25,17.14
OI000009,O00444,P0001,-2,39404.97,4.03
OI000010,O00147,P0001,-2,37696.06,10.55
OI000011,O00658,P0001,-1,38030.4,18.63
OI000012,O00497,P0001,-2,38067.43,12.27
OI000013,O00884,P0001,-2,35641.69,11.47
OI000014,O00244,P0001,-2,34300.46,19.36
OI000015,O00428,P0001,-1,35279.07,15.05
OI000016,O00620,P0001,-3,31792.52,8.29
OI000017,O00294,P0001,-1,32444.02,10.81
OI000018,O00620,P0001,-1,35911.4,20.25
OI000019,O00317,P0001,-2,42541.83,23.05
OI000020,O00342,P0001,-1,41904.2,29.94
OI000021,O00831,P0001,-3,42454.97,27.37
OI000022,O00069,P0001,-2,35074.85,10.4
OI000023,O00474,P0001,-2,43777.02,22.73
OI000024,O00073,P0001,-2,41073.46,29.68
OI000025,O00213,P0001,-2,34200.36,21.7
OI000026,O00275,P0001,-2,34299.38,17.61
OI000027,O00626,P0001,-2,42176.01,13.84
OI000028,O00871,P0001,-1,35578.11,5.64
OI000029,O00849,P0001,-3,37263.91,13.16
OI000030,O00632,P0001,-1,36571.18,17.33
OI000031,O00192,P0001,-2,45734.83,0.29
OI000032,O00890,P0001,-3,43977.45,10.19
OI000033,O00490,P0001,-2,41583.84,12.1
OI000034,O00858,P0001,-3,39196.31,9.78
OI000035,O00084,P0001,-3,43188.78,27.66
OI000036,O00218,P0001,-2,39689.21,23.97
OI000037,O00683,P0001,-3,44503.52,29.41
OI000038,O00270,P0001,-2,31559.67,11.59
OI000039,O00547,P0001,-1,35832.18,28.86
OI000040,O00715,P0001,-2,32035.57,3.13
OI000041,O00627,P0001,-1,31049.64,20.67
OI000042,O00561,P0001,-1,33541.49,2.08
OI000043,O00456,P0001,-2,33850.9,8.73
OI000044,O00597,P0001,-1,37859.76,11.06
OI000045,O00072,P0001,-1,35798.83,27.29
OI000046,O00461,P0001,-1,46479.99,3.87
OI000047,O00489,P0001,-2,42508.5,11.67
OI000048,O00272,P0001,-1,44559.99,9.29
OI000049,O00898,P0001,-3,41245.91,4.76
OI000050,O00649,P0001,-2,40000.24,15.07
OI000051,O00762,P0001,-2,34971.65,0.22
OI000052,O00207,P0001,-2,31563.87,11.98
OI000053,O00887,P0001,-1,39007.01,27.31
OI000054,O00563,P0001,-2,37989.19,1.17
OI000055,O00154,P0001,-2,40947.9,27.57
OI000056,O00416,P0001,-3,44111.85,23.77
OI000057,O00461,P0001,-3,43802.29,25.5
OI000058,O00486,P0001,-1,33426.85,18.53
OI000059,O00503,P0001,-2,36731.76,19.77
OI000060,O00776,P0001,-3,32072.51,20.96
OI000061,O00105,P0001,-1,44803.21,4.74
OI000062,O00704,P0001,-3,35236.71,27.49
OI000063,O00775,P0001,-3,42174.39,6.52
OI000064,O00566,P0001,-2,46525.02,16.58
OI000065,O00438,P0001,-1,42705.97,15.13
OI000066,O00859,P0001,-2,37141.57,4.95
OI000067,O00273,P0001,-3,31252.29,0.8
OI000068,O00715,P0001,-3,41420.43,13.86
OI000069,O00412,P0001,-3,36968.27,5.83
OI000070,O00099,P0001,-1,34571.44,21.27
OI000071,O00200,P0001,-2,41334.59,13.93
OI000072,O00533,P0001,-1,31863.26,19.71
OI000073,O00791,P0001,-2,32793.19,24.61
OI000074,O00226,P0001,-1,44045.08,18.21
OI000075,O00242,P0001,-2,32533.67,22.24
OI000076,O00233,P0001,-1,41352.26,0.34
OI000077,O00340,P0001,-1,37634.06,5.34
OI000078,O00792,P0001,-1,44918.36,15.97
OI000079,O00513,P0001,-3,31302.59,19.04
OI000080,O00596,P0001,-3,41209.61,19.8
OI000081,O00166,P0001,-2,41657.71,13.32
OI000082,O00673,P0001,-1,31317.23,11.32
OI000083,O00267,P0001,-1,36570.28,7.16
OI000084,O00154,P0001,-1,37328.28,29.68
OI000085,O00406,P0001,-1,41490.32,1.9
OI000086,O00159,P0001,-3,33238.39,5.01
OI000087,O00486,P0001,-3,32268.3,9.81
OI000088,O00636,P0001,-3,33587.51,6.21
OI000089,O00615,P0001,-2,45663.43,3.62
OI000090,O00279,P0001,-1,36279.12,5.21
OI000091,O00101,P0002,2,2275.92,0.36
OI000092,O00101,P0003,1,37196.84,1.98
OI000093,O00102,P0002,2,2272.3,11.07
OI000094,O00102,P0003,1,43940.5,12.33
OI000095,O00103,P0002,3,2138.03,29.71
OI000096,O00103,P0003,3,38420.22,29.72
OI000097,O00104,P0002,3,1845.03,28.77
OI000098,O00104,P0003,3,35072.33,18.93
OI000099,O00105,P0002,2,2297.27,29.17
OI000100,O00105,P0003,3,32046.93,5.26
OI000101,O00106,P0002,3,1975.86,25.55
OI000102,O00106,P0003,2,31013.01,0.53
OI000103,O00107,P0002,3,2092.79,15.33
OI000104,O00107,P0003,3,33619.41,17.62
OI000105,O00108,P0002,1,1899.64,18.49
OI000106,O00108,P0003,1,34827.27,22.14
OI000107,O00109,P0002,1,2245.36,1.8
OI000108,O00109,P0003,2,37828.25,6.06
OI000109,O00110,P0002,2,1874.44,1.14
OI000110,O00110,P0003,3,39398.44,28.38
OI000111,O00111,P0002,3,2475.35,4.03
OI000112,O00111,P0003,2,40117.98,22.81
OI000113,O00112,P0002,3,2398.96,12.45
OI000114,O00112,P0003,2,41808.29,6.87
OI000115,O00113,P0002,3,1987.74,7.27
OI000116,O00113,P0003,3,30800.6,27.53
OI000117,O00114,P0002,1,2407.59,20.89
OI000118,O00114,P0003,1,39556.3,11.44
OI000119,O00115,P0002,2,1855.83,18.89
OI000120,O00115,P0003,1,43694.06,2.1
OI000121,O00258,P0055,0,24927.93,4.25
OI000122,O00270,P0130,0,16883.47,17.78
OI000123,O00875,P0211,0,13558.52,2.34
OI000124,O00803,P0480,0,16221.32,21.65
OI000125,O00311,P0436,0,7917.47,7.47
OI000126,O00353,P0592,0,38269.06,19.07
OI000127,O00339,P0494,0,10577.53,29.18
OI000128,O00468,P0388,0,10011.84,13.24
OI000129,O00578,P0626,0,2918.24,22.81
OI000130,O00900,P0495,0,3411.5,11.44
OI000131,O00146,P0309,0,13710.01,4.58
OI000132,O00805,P0181,0,12225.2,13.91
OI000133,O00525,P0292,0,34124.58,18.18
OI000134,O00134,P0343,0,33367.72,14.08
OI000135,O00219,P0196,0,26762.7,25.85
OI000136,O00808,P0385,0,34260.8,27.77
OI000137,O00465,P0384,0,37663.25,9.23
OI000138,O00663,P0074,0,21384.49,1.16
OI000139,O00188,P0396,0,46032.05,4.87
OI000140,O00842,P0448,0,30297.9,23.14
OI000141,O00770,P0358,5,9263.79,132.11
OI000142,O00378,P0061,4,11473.44,137.05
OI000143,O00249,P0491,1,35349.6,118.71
OI000144,O00724,P0030,2,26318.7,123.32
OI000145,O00698,P0152,3,32307.18,129.34
OI000146,O00679,P0167,1,30547.79,105.52
OI000147,O00729,P0395,4,29205.61,148.73
OI000148,O00083,P0532,2,21095.36,109.13
OI000149,O00438,P0260,3,3627.06,127.13
OI000150,O00908,P0393,5,12289.13,121.17
OI000151,O00898,P0093,1,22811.52,139.06
OI000152,O00353,P0148,3,19851.31,146.57
OI000153,O00408,P0317,1,25491.94,141.0
OI000154,O00002,P0101,1,44531.35,121.47
OI000155,O00427,P0297,4,13190.74,119.36
OI000156,O00721,P0139,2,29713.91,125.63
OI000157,O00113,P0463,5,39961.66,110.1
OI000158,O00061,P0189,2,3588.56,145.21
OI000159,O00419,P0453,5,18182.95,132.19
OI000160,O00082,P0302,1,33359.46,114.56
OI000161,O00351,P0032,5,28469.02,14.56
OI000162,O00779,P0105,1,16322.53,22.55
OI000163,O00008,P0598,1,13664.96,15.67
OI000164,O00008,P0386,5,23214.58,28.86
OI000165,O00273,P0499,4,2145.13,18.13
OI000166,O00345,P0381,3,28960.84,24.51
OI000167,O00964,P0371,4,27723.73,1.72
OI000168,O00365,P0340,1,7892.56,26.12
OI000169,O00412,P0144,1,15009.18,26.07
OI000170,O00287,P0256,3,23905.04,20.59
OI000171,O00891,P0488,5,20987.81,5.64
OI000172,O00654,P0331,1,1499.59,26.2
OI000173,O00993,P0335,4,13444.06,14.54
OI000174,O00757,P0629,1,33314.61,28.17
OI000175,O00965,P0489,1,879.03,8.82
OI000176,O00200,P0148,5,20808.81,23.55
OI000177,O00734,P0518,1,17482.02,23.9
OI000178,O00309,P0563,4,507.75,13.39
OI000179,O00119,P0495,5,3805.46,6.35
OI000180,O00772,P0093,1,20997.29,21.47
OI000181,O00165,P0336,4,21164.37,6.61
OI000182,O00264,P0489,1,856.02,27.68
OI000183,O00649,P0505,1,31618.48,9.98
OI000184,O00230,P0591,5,29977.76,10.3
OI000185,O00933,P0392,5,13585.33,13.11
OI000186,O00239,P0230,3,33198.61,2.63
OI000187,O00092,P0350,5,4450.76,22.34
OI000188,O00119,P0588,3,4835.17,9.4
OI000189,O00390,P0592,1,36023.69,17.7
OI000190,O00195,P0399,4,19618.24,10.95
OI000191,O00696,P0131,5,14537.38,17.72
OI000192,O00110,P0406,1,5881.38,13.82
OI000193,O00149,P0305,2,9386.89,13.67
OI000194,O00616,P0292,2,39715.78,25.47
OI000195,O00848,P0037,5,1048.6,15.07
OI000196,O00706,P0128,3,31657.74,21.2
OI000197,O00490,P0222,4,24998.85,28.99
OI000198,O00061,P0343,2,44721.85,6.32
OI000199,O00751,P0232,1,45124.61,23.28
OI000200,O00878,P0501,4,17137.93,24.45
OI000201,O00935,P0165,1,4436.68,10.12
OI000202,O00695,P0486,3,40466.82,11.73
OI000203,O00541,P0291,3,17581.41,5.85
OI000204,O00877,P0563,4,490.34,9.7
OI000205,O00811,P0596,1,16135.99,21.29
OI000206,O00469,P0169,5,2660.08,20.88
OI000207,O00299,P0150,2,6060.04,22.45
OI000208,O00753,P0011,3,12377.14,17.27
OI000209,O00695,P0153,4,17140.63,12.81
OI000210,O00862,P0174,1,30413.63,29.22
OI000211,O00184,P0055,1,28337.37,19.5
OI000212,O00608,P0446,2,27382.24,12.12
OI000213,O00035,P0123,2,22263.71,9.08
OI000214,O00611,P0178,4,27764.28,29.73
OI000215,O00687,P0093,4,24872.96,19.51
OI000216,O00282,P0457,3,32349.37,3.5
OI000217,O00125,P0502,5,18887.56,17.61
OI000218,O00587,P0493,3,38826.81,2.84
OI000219,O00608,P0187,4,26895.92,19.34
OI000220,O00445,P0307,5,25704.11,9.76
OI000221,O00731,P0552,2,30612.58,21.02
OI000222,O00404,P0571,5,33159.02,15.9
OI000223,O00066,P0533,5,5204.39,24.56
OI000224,O00668,P0129,2,5165.39,26.93
OI000225,O00186,P0615,2,19883.57,13.42
OI000226,O00322,P0127,1,21177.89,6.19
OI000227,O00166,P0091,5,5264.12,22.59
OI000228,O00087,P0129,5,3960.73,28.99
OI000229,O00176,P0435,1,24003.89,1.38
OI000230,O00969,P0533,3,5461.38,13.35
OI000231,O00591,P0504,3,17965.69,29.58
OI000232,O00361,P0622,5,19905.04,20.64
OI000233,O00679,P0047,2,5318.37,4.25
OI000234,O00877,P0222,2,28551.02,6.48
OI000235,O00368,P0286,2,7788.1,12.66
OI000236,O00564,P0263,3,33356.37,27.11
OI000237,O00410,P0469,1,2893.09,20.3
OI000238,O00963,P0148,5,15758.84,18.89
OI000239,O00276,P0199,3,4140.43,19.43
OI000240,O00524,P0621,2,35300.12,4.6
OI000241,O00807,P0446,4,20855.54,18.11
OI000242,O00080,P0278,1,32613.94,20.52
OI000243,O00417,P0069,3,6221.69,10.88
OI000244,O00342,P0281,2,41496.6,6.77
OI000245,O00011,P0102,4,36016.43,6.67
OI000246,O00975,P0109,1,31502.82,21.85
OI000247,O00314,P0604,4,30164.57,10.47
OI000248,O00586,P0290,5,14914.63,2.97
OI000249,O00050,P0176,3,21002.03,11.69
OI000250,O00354,P0546,5,21811.76,25.49
OI000251,O00489,P0608,2,36152.27,20.6
OI000252,O00731,P0161,2,27855.33,17.03
OI000253,O00274,P0056,3,43728.19,7.47
OI000254,O00624,P0430,4,25782.94,29.59
OI000255,O00818,P0481,5,17841.73,28.58
OI000256,O00534,P0236,3,17126.58,2.61
OI000257,O00313,P0418,3,32181.04,19.04
OI000258,O00079,P0247,1,5937.02,1.72
OI000259,O00762,P0294,5,2457.07,24.25
OI000260,O00011,P0436,5,10807.45,4.09
OI000261,O00510,P0529,5,37080.46,12.16
OI000262,O00632,P0196,1,36768.91,21.08
OI000263,O00768,P0355,2,10652.28,19.84
OI000264,O00943,P0542,5,20650.55,13.46
OI000265,O00173,P0538,2,387.71,11.01
OI000266,O00137,P0528,3,5336.15,12.68
OI000267,O00389,P0176,3,21173.65,10.14
OI000268,O00696,P0257,5,15064.92,25.73
OI000269,O00298,P0308,4,28978.04,6.39
OI000270,O00756,P0584,4,4239.41,9.14
OI000271,O00956,P0529,1,40477.73,26.77
OI000272,O00869,P0501,1,17580.41,18.47
OI000273,O00337,P0307,3,25474.14,10.49
OI000274,O00740,P0192,4,18915.73,3.04
OI000275,O00504,P0204,1,4848.66,26.96
OI000276,O00421,P0128,4,20819.67,23.08
OI000277,O00257,P0233,4,22455.74,8.98
OI000278,O00439,P0188,5,13817.12,3.26
OI000279,O00450,P0451,2,4219.66,22.41
OI000280,O00006,P0369,2,20883.95,8.55
OI000281,O00137,P0406,4,6378.45,27.03
OI000282,O00165,P0205,4,38327.99,29.49
OI000283,O00122,P0433,4,39591.84,23.99
OI000284,O00732,P0132,3,3589.8,23.41
OI000285,O00410,P0515,4,34124.23,28.73
OI000286,O00812,P0023,2,22552.13,15.0
OI000287,O00786,P0244,1,41770.08,10.26
OI000288,O01000,P0613,1,22687.94,8.68
OI000289,O00498,P0086,4,29410.07,4.57
OI000290,O00524,P0193,2,2086.62,3.45
OI000291,O00270,P0255,4,5343.81,21.19
OI000292,O00830,P0107,5,30323.57,5.66
OI000293,O00876,P0607,2,26401.6,3.97
OI000294,O00040,P0282,2,12813.74,12.79
OI000295,O00632,P0206,1,22260.95,11.41
OI000296,O00538,P0315,2,14772.21,12.78
OI000297,O00063,P0524,4,33496.68,9.13
OI000298,O00276,P0374,3,43462.02,21.35
OI000299,O00253,P0329,1,7174.7,0.02
OI000300,O00677,P0331,2,1292.93,8.4
OI000301,O00622,P0105,4,17355.6,28.45
OI000302,O00373,P0344,3,16311.6,20.07
OI000303,O00700,P0567,2,18839.54,22.24
OI000304,O00371,P0605,5,7187.57,7.15
OI000305,O00283,P0217,5,32629.23,26.62
OI000306,O00134,P0618,1,28560.36,29.05
OI000307,O00906,P0197,2,27812.87,27.77
OI000308,O00077,P0561,5,18425.04,21.76
OI000309,O00780,P0208,5,11907.15,1.31
OI000310,O00197,P0430,5,32340.83,26.75
OI000311,O00778,P0575,3,46621.52,13.45
OI000312,O00735,P0122,4,25880.2,12.57
OI000313,O00954,P0517,1,830.01,8.22
OI000314,O00991,P0134,3,10638.33,16.99
OI000315,O00814,P0196,4,33680.5,15.97
OI000316,O00526,P0078,2,24024.06,15.28
OI000317,O00576,P0401,4,2496.27,6.21
OI000318,O00004,P0165,5,3837.05,20.9
OI000319,O00901,P0527,4,2032.18,21.62
OI000320,O00266,P0312,2,3402.25,8.06
OI000321,O00122,P0177,2,21706.75,7.15
OI000322,O00041,P0153,3,17001.16,8.11
OI000323,O00810,P0054,2,46750.92,6.3
OI000324,O00119,P0003,3,39945.41,29.17
OI000325,O00333,P0087,5,32058.39,4.01
OI000326,O00920,P0628,3,531.56,1.72
OI000327,O00836,P0012,3,16156.55,28.96
OI000328,O00181,P0264,1,21646.78,29.36
OI000329,O00797,P0599,1,20473.61,20.64
OI000330,O00969,P0265,5,38361.5,24.51
OI000331,O00226,P0334,3,7193.36,18.89
OI000332,O00879,P0406,2,5658.42,21.89
OI000333,O00445,P0379,2,24938.81,2.81
OI000334,O00186,P0472,2,35868.64,5.28
OI000335,O00584,P0504,2,18893.91,0.63
OI000336,O00167,P0183,4,18114.8,5.64
OI000337,O00147,P0075,4,6474.58,27.27
OI000338,O00994,P0414,1,44551.08,4.12
OI000339,O00769,P0014,5,20966.27,11.52
OI000340,O00113,P0015,1,21406.72,23.1
OI000341,O00275,P0148,5,14330.02,28.99
OI000342,O00981,P0110,5,27638.4,10.15
OI000343,O00725,P0089,2,5186.95,22.79
OI000344,O00914,P0456,2,5731.05,14.37
OI000345,O00250,P0059,5,43860.39,18.82
OI000346,O00127,P0023,1,21972.16,8.9
OI000347,O00524,P0427,2,9562.84,6.73
OI000348,O00233,P0439,4,14716.68,19.66
OI000349,O00232,P0395,1,26799.71,29.72
OI000350,O00230,P0106,3,12262.39,18.47
OI000351,O00122,P0371,1,34030.92,18.14
OI000352,O00183,P0440,5,33818.83,5.44
OI000353,O00436,P0155,3,35720.09,8.61
OI000354,O00897,P0108,3,27048.0,19.85
OI000355,O00956,P0273,1,26770.64,25.85
OI000356,O00153,P0152,3,30804.52,13.4
OI000357,O00816,P0491,1,25203.59,12.82
OI000358,O00745,P0287,2,13713.39,29.84
OI000359,O00187,P0396,3,36053.13,12.71
OI000360,O00711,P0425,5,30256.04,10.0
OI000361,O00822,P0253,4,8040.36,14.91
OI000362,O00547,P0506,5,5621.53,6.9
OI000363,O00086,P0596,4,14237.78,23.3
OI000364,O00831,P0226,1,8333.32,0.09
OI000365,O00872,P0019,3,20130.91,28.73
OI000366,O00944,P0114,1,18206.2,10.83
OI000367,O00870,P0144,3,14158.4,25.06
OI000368,O00565,P0433,2,34095.85,6.74
OI000369,O00765,P0143,1,33887.38,21.12
OI000370,O00387,P0028,4,820.23,21.04
OI000371,O00679,P0597,1,4676.21,17.82
OI000372,O00162,P0032,2,30213.16,2.37
OI000373,O00079,P0014,5,28654.26,12.49
OI000374,O00784,P0188,4,13470.01,22.44
OI000375,O00716,P0308,4,30540.34,10.12
OI000376,O00801,P0015,3,21185.86,1.8
OI000377,O00658,P0034,5,25625.28,15.1
OI000378,O00012,P0407,4,1192.22,26.28
OI000379,O00568,P0266,5,574.16,21.28
OI000380,O00434,P0162,3,1717.57,15.65
OI000381,O00974,P0130,2,19506.67,1.68
OI000382,O00402,P0190,5,16838.61,2.32
OI000383,O00710,P0481,4,18057.39,19.26
OI000384,O00848,P0391,2,11246.86,11.14
OI000385,O00435,P0201,3,21881.02,2.33
OI000386,O00618,P0345,1,20148.74,4.88
OI000387,O00110,P0068,2,24218.67,22.7
OI000388,O00317,P0194,5,196.31,27.88
OI000389,O00247,P0277,1,38294.41,16.94
OI000390,O00578,P0497,1,10208.07,2.8
OI000391,O00317,P0010,3,41111.06,28.76
OI000392,O00513,P0201,3,28909.57,21.77
OI000393,O00998,P0134,1,12205.82,26.9
OI000394,O00516,P0105,5,22552.1,4.51
OI000395,O00602,P0393,4,13842.23,25.56
OI000396,O00298,P0167,2,39138.11,2.36
OI000397,O00641,P0097,2,31493.8,24.22
OI000398,O00670,P0146,2,35602.39,15.05
OI000399,O00747,P0625,5,21333.29,10.24
OI000400,O00805,P0136,3,35995.85,18.7
OI000401,O00963,P0443,1,22131.78,23.23
OI000402,O00397,P0246,2,46934.21,18.21
OI000403,O00982,P0158,5,32724.36,14.93
OI000404,O00825,P0017,2,22739.58,9.29
OI000405,O00889,P0091,4,4866.17,9.41
OI000406,O00957,P0304,2,32643.94,17.3
OI000407,O00362,P0093,1,18692.56,23.16
OI000408,O00265,P0486,3,40549.69,13.26
OI000409,O00947,P0145,1,38593.77,14.65
OI000410,O00373,P0295,4,18755.42,18.59
OI000411,O00697,P0134,4,12400.0,25.35
OI000412,O00975,P0323,3,13679.22,12.4
OI000413,O00461,P0271,1,6497.45,19.32
OI000414,O00759,P0252,5,22243.24,25.59
OI000415,O00298,P0386,2,23695.82,25.61
OI000416,O00229,P0399,4,22714.7,10.47
OI000417,O00480,P0549,4,26902.83,5.41
OI000418,O00111,P0408,4,17841.4,9.86
OI000419,O00325,P0352,5,2086.07,21.07
OI000420,O00488,P0119,3,28221.94,16.35
OI000421,O00972,P0483,2,23171.93,9.61
OI000422,O00033,P0617,4,20482.03,24.26
OI000423,O00809,P0442,4,21134.43,6.34
OI000424,O00024,P0435,3,24045.72,5.28
OI000425,O00146,P0072,3,31882.8,8.95
OI000426,O00730,P0464,4,7518.55,20.09
OI000427,O00266,P0190,1,13385.49,27.05
OI000428,O00351,P0306,2,10797.78,28.26
OI000429,O00494,P0488,5,23495.07,4.82
OI000430,O00714,P0449,3,22711.33,17.11
OI000431,O00843,P0012,5,20465.38,17.91
OI000432,O00080,P0594,5,25579.75,19.92
OI000433,O00844,P0326,1,19913.7,13.76
OI000434,O00152,P0513,3,712.94,29.1
OI000435,O00417,P0271,5,6760.08,29.65
OI000436,O00966,P0130,4,21533.83,17.35
OI000437,O00038,P0225,2,29960.42,16.38
OI000438,O00171,P0617,4,22090.94,6.29
OI000439,O00196,P0592,1,36994.82,10.91
OI000440,O00310,P0316,5,22521.64,3.74
OI000441,O00512,P0468,4,12399.14,10.57
OI000442,O00556,P0438,5,42760.02,10.07
OI000443,O00949,P0182,4,38710.02,5.31
OI000444,O00610,P0168,5,6468.34,8.55
OI000445,O00676,P0449,3,21008.35,28.14
OI000446,O00928,P0103,1,20218.61,3.11
OI000447,O00666,P0018,5,42687.99,3.11
OI000448,O00768,P0640,5,24797.94,13.32
OI000449,O00596,P0035,3,15156.98,6.36
OI000450,O00796,P0467,5,38397.42,5.87
OI000451,O00481,P0129,3,5168.89,27.42
OI000452,O00423,P0407,1,1312.48,23.47
OI000453,O00520,P0292,3,41708.45,7.93
OI000454,O00859,P0426,2,18150.83,27.27
OI000455,O00034,P0017,1,17501.79,11.23
OI000456,O00837,P0533,5,4730.7,5.11
OI000457,O00586,P0442,2,24566.19,11.74
OI000458,O00632,P0404,1,18675.85,17.34
OI000459,O00132,P0401,2,2292.64,9.54
OI000460,O00163,P0449,2,16134.0,24.04
OI000461,O00517,P0123,5,26030.1,25.29
OI000462,O00643,P0268,5,20659.7,9.67
OI000463,O00096,P0097,1,26428.52,18.87
OI000464,O00608,P0158,1,32598.66,16.31
OI000465,O00996,P0082,5,23938.92,22.27
OI000466,O00134,P0466,3,11877.9,19.58
OI000467,O00228,P0306,2,12535.1,7.36
OI000468,O00799,P0389,3,29913.55,8.25
OI000469,O00958,P0149,1,18219.76,17.38
OI000470,O00106,P0115,4,35440.4,3.68
OI000471,O00146,P0291,3,18926.45,2.78
OI000472,O00507,P0372,2,27742.95,14.73
OI000473,O00023,P0425,1,26800.94,18.77
OI000474,O00216,P0431,4,26652.79,19.01
OI000475,O00462,P0166,2,12861.94,27.11
OI000476,O00676,P0582,5,31845.02,3.52
OI000477,O00352,P0357,4,11187.3,18.0
OI000478,O00006,P0164,5,11827.93,27.8
OI000479,O00198,P0622,1,20114.93,15.54
OI000480,O00780,P0158,2,35825.97,3.44
OI000481,O00223,P0032,3,27182.74,2.5
OI000482,O00709,P0131,3,12320.95,5.98
OI000483,O00095,P0358,5,9060.27,14.01
OI000484,O00829,P0509,4,30896.72,12.0
OI000485,O00198,P0258,2,26034.71,25.38
OI000486,O00735,P0289,4,23274.4,23.79
OI000487,O00602,P0321,2,3088.62,28.61
OI000488,O00500,P0445,4,2190.6,22.41
OI000489,O00836,P0328,5,29972.66,11.49
OI000490,O00205,P0582,3,26275.87,18.98
OI000491,O00066,P0462,2,6886.82,28.74
OI000492,O00260,P0602,4,17927.7,24.8
OI000493,O00661,P0545,3,35242.53,3.44
OI000494,O00829,P0332,4,2394.57,10.73
OI000495,O00075,P0222,3,25918.99,23.39
OI000496,O00126,P0011,3,12199.26,21.5
OI000497,O00219,P0478,5,19993.53,26.96
OI000498,O00576,P0069,4,5346.54,6.37
OI000499,O00223,P0107,5,26293.25,18.24
OI000500,O00905,P0078,5,28709.63,12.65
OI000501,O00775,P0447,3,26906.14,5.94
OI000502,O00051,P0507,4,33072.17,8.23
OI000503,O00123,P0129,4,3730.6,9.81
OI000504,O00393,P0244,5,31103.86,0.54
OI000505,O00803,P0591,1,42936.01,8.53
OI000506,O00862,P0414,1,47468.75,27.54
OI000507,O00041,P0347,1,28143.92,2.85
OI000508,O00822,P0427,3,10942.14,22.61
OI000509,O00410,P0083,5,36825.64,14.81
OI000510,O00049,P0404,3,17949.37,13.64
OI000511,O00870,P0126,3,39189.79,3.08
OI000512,O00230,P0050,1,18584.67,29.81
OI000513,O00883,P0448,2,21937.81,5.73
OI000514,O00924,P0379,5,25718.09,28.02
OI000515,O00889,P0055,3,27381.71,1.29
OI000516,O00050,P0313,1,16337.98,20.64
OI000517,O00811,P0390,3,21402.05,27.75
OI000518,O00598,P0473,1,19940.33,25.86
OI000519,O00772,P0600,4,36190.54,20.05
OI000520,O00535,P0542,2,26359.61,19.84
OI000521,O01000,P0289,3,31077.65,14.48
OI000522,O00095,P0272,3,25282.24,10.59
OI000523,O00856,P0250,2,1960.51,2.25
OI000524,O00507,P0063,2,24094.55,6.48
OI000525,O00839,P0396,2,38794.17,10.21
OI000526,O00834,P0606,5,5517.46,9.4
OI000527,O00968,P0321,4,2929.17,25.43
OI000528,O00109,P0135,2,30614.16,11.57
OI000529,O00464,P0637,5,24707.01,12.01
OI000530,O00071,P0286,4,6111.34,9.21
OI000531,O00891,P0593,1,9411.59,26.29
OI000532,O00763,P0114,2,12400.83,13.83
OI000533,O00274,P0031,4,21008.87,13.58
OI000534,O00272,P0123,5,19226.62,12.94
OI000535,O00155,P0408,5,19812.6,10.01
OI000536,O00452,P0281,3,29919.05,19.46
OI000537,O00750,P0434,2,33675.72,12.08
OI000538,O00609,P0284,5,24505.89,15.56
OI000539,O00112,P0053,2,37303.61,6.59
OI000540,O00055,P0038,5,22089.24,1.98
OI000541,O00104,P0284,2,27200.68,20.99
OI000542,O00415,P0403,4,27658.96,22.02
OI000543,O00901,P0276,4,3847.68,23.57
OI000544,O00356,P0296,5,10070.26,0.09
OI000545,O00190,P0517,5,954.74,9.16
OI000546,O00929,P0246,2,35866.74,2.08
OI000547,O00192,P0342,4,15567.86,0.38
OI000548,O00486,P0440,3,29055.74,29.23
OI000549,O00903,P0080,2,21076.68,25.59
OI000550,O00609,P0362,4,40981.92,14.65
OI000551,O00254,P0485,1,31518.93,0.52
OI000552,O00697,P0299,2,32857.22,5.02
OI000553,O00151,P0098,1,22065.27,22.09
OI000554,O00464,P0504,3,21437.29,7.72
OI000555,O00499,P0261,3,22420.44,24.83
OI000556,O00309,P0343,5,43845.39,25.71
OI000557,O00924,P0612,4,16598.96,20.57
OI000558,O00746,P0023,2,31605.8,25.69
OI000559,O00676,P0147,3,2034.76,7.33
OI000560,O00759,P0443,3,16694.04,2.68
OI000561,O00943,P0388,1,13883.98,26.31
OI000562,O00696,P0559,4,44872.81,26.28
OI000563,O00180,P0273,3,27759.62,11.73
OI000564,O00428,P0284,3,20423.1,17.39
OI000565,O00719,P0353,5,29467.5,23.86
OI000566,O00581,P0357,3,7762.08,0.25
OI000567,O00950,P0152,4,38845.19,15.7
OI000568,O00297,P0640,5,31818.14,9.11
OI000569,O00296,P0068,3,18566.8,1.23
OI000570,O00290,P0609,1,28133.6,9.17
OI000571,O00441,P0362,1,32162.38,4.13
OI000572,O00900,P0292,5,38487.02,23.07
OI000573,O00159,P0090,3,24568.22,21.99
OI000574,O00443,P0601,1,25802.84,0.96
OI000575,O00956,P0365,2,6190.46,19.11
OI000576,O00433,P0410,1,43240.66,27.61
OI000577,O00612,P0320,2,33291.1,20.37
OI000578,O00331,P0594,2,32336.75,5.99
OI000579,O00139,P0428,5,16891.12,9.15
OI000580,O00305,P0582,4,28266.46,11.28
OI000581,O00897,P0449,1,16449.77,13.26
OI000582,O00321,P0517,3,951.37,12.83
OI000583,O00431,P0422,4,11820.1,16.77
OI000584,O00981,P0433,1,42923.46,18.46
OI000585,O00310,P0250,5,1822.15,3.82
OI000586,O00557,P0581,3,12036.24,25.35
OI000587,O00129,P0414,1,40102.86,22.89
OI000588,O00531,P0473,1,19529.6,8.11
OI000589,O00666,P0111,3,15233.27,24.66
OI000590,O00580,P0495,3,4916.31,3.64
OI000591,O00599,P0525,1,27693.14,15.49
OI000592,O00576,P0509,2,27186.22,20.27
OI000593,O00873,P0160,3,19509.3,21.57
OI000594,O00960,P0008,4,18415.29,6.02
OI000595,O00069,P0002,2,2231.09,3.63
OI000596,O00100,P0255,2,5101.77,0.74
OI000597,O00518,P0456,4,5075.91,3.65
OI000598,O00415,P0497,2,14265.59,25.25
OI000599,O00560,P0268,5,25913.34,25.78
OI000600,O00632,P0128,4,22345.15,0.65
OI000601,O00146,P0248,2,8772.67,20.99
OI000602,O00206,P0489,4,730.49,20.03
OI000603,O00983,P0604,4,34283.95,8.26
OI000604,O00396,P0111,4,14147.31,12.74
OI000605,O00029,P0292,4,30290.7,11.68
OI000606,O00595,P0312,1,3943.77,26.8
OI000607,O00635,P0457,1,47562.51,10.64
OI000608,O00143,P0481,4,17760.63,29.45
OI000609,O00367,P0514,5,8123.08,27.08
OI000610,O00538,P0401,5,1953.06,19.68
OI000611,O00361,P0578,3,32748.77,25.76
OI000612,O00144,P0287,3,19467.85,2.05
OI000613,O00860,P0497,4,15013.2,18.18
OI000614,O00185,P0591,5,40851.53,15.76
OI000615,O00133,P0333,5,17614.4,10.44
OI000616,O00633,P0415,1,27075.98,25.56
OI000617,O00163,P0239,1,25036.99,14.98
OI000618,O00696,P0489,3,887.6,29.44
OI000619,O00828,P0244,1,45365.59,5.22
OI000620,O00914,P0395,4,31634.61,1.86
OI000621,O00257,P0119,1,32933.65,2.19
OI000622,O00782,P0385,5,36268.62,0.88
OI000623,O00179,P0330,1,2625.33,11.33
OI000624,O00653,P0589,5,23200.78,7.57
OI000625,O00449,P0294,2,1823.39,4.86
OI000626,O00834,P0543,2,23751.13,0.73
OI000627,O00983,P0100,2,10672.93,4.22
OI000628,O00006,P0370,4,39721.34,25.93
OI000629,O00349,P0191,5,22503.43,24.97
OI000630,O00585,P0487,5,29094.43,18.55
OI000631,O00573,P0143,1,27681.46,18.76
OI000632,O00895,P0074,5,18315.0,23.47
OI000633,O00306,P0105,1,19975.09,1.54
OI000634,O00554,P0340,1,8811.38,28.22
OI000635,O00945,P0259,4,35881.29,2.04
OI000636,O00893,P0163,3,731.21,17.26
OI000637,O00874,P0532,5,18232.95,11.98
OI000638,O00059,P0561,1,20400.2,28.11
OI000639,O00270,P0032,1,29849.55,7.83
OI000640,O00343,P0062,2,11454.73,24.5
OI000641,O00338,P0065,2,24187.09,24.17
OI000642,O00578,P0626,1,2486.46,2.12
OI000643,O00427,P0614,5,21205.04,26.63
OI000644,O00491,P0134,3,14355.28,3.12
OI000645,O00509,P0521,2,34489.06,12.95
OI000646,O00311,P0235,1,14498.29,0.79
OI000647,O00801,P0202,5,41818.9,11.38
OI000648,O00701,P0020,5,3627.26,11.61
OI000649,O00387,P0130,4,22064.35,16.49
OI000650,O00119,P0450,1,9351.85,29.48
OI000651,O00377,P0362,2,37012.01,27.54
OI000652,O00244,P0239,1,24287.41,6.81
OI000653,O00766,P0551,5,20230.02,24.05
OI000654,O00895,P0257,1,10817.0,3.8
OI000655,O00185,P0291,1,14987.74,18.07
OI000656,O00912,P0252,3,23666.82,11.93
OI000657,O00674,P0127,1,20629.09,28.15
OI000658,O00211,P0508,3,23446.43,25.76
OI000659,O00455,P0311,3,27702.81,8.78
OI000660,O00670,P0252,5,32589.72,9.57
OI000661,O00555,P0517,1,784.54,27.01
OI000662,O00723,P0638,4,23012.45,6.11
OI000663,O00141,P0535,2,26419.08,16.59
OI000664,O00126,P0383,2,32994.53,7.05
OI000665,O00451,P0466,1,10934.73,25.09
OI000666,O00277,P0286,5,6764.29,24.82
OI000667,O00087,P0063,3,34721.22,11.52
OI000668,O00020,P0393,4,13048.11,6.73
OI000669,O00389,P0190,4,16349.64,19.81
OI000670,O00033,P0556,3,19890.71,27.3
OI000671,O00773,P0346,3,15973.85,17.73
OI000672,O00776,P0030,3,31988.22,18.65
OI000673,O00887,P0439,1,19473.18,16.6
OI000674,O00976,P0296,5,10880.06,17.18
OI000675,O00582,P0533,3,4399.41,11.44
OI000676,O00764,P0245,2,21562.84,8.42
OI000677,O00699,P0282,1,13130.05,23.14
OI000678,O00303,P0347,5,32802.79,18.47
OI000679,O00371,P0277,3,35703.97,24.31
OI000680,O00623,P0014,1,23144.04,19.82
OI000681,O00857,P0272,2,22686.49,0.52
OI000682,O00010,P0479,1,21051.8,14.41
OI000683,O00865,P0571,2,28517.82,17.39
OI000684,O00082,P0285,5,19824.17,28.6
OI000685,O00452,P0186,3,24609.61,8.28
OI000686,O00890,P0508,2,17818.86,5.23
OI000687,O00893,P0634,1,34772.03,19.64
OI000688,O00189,P0520,4,30111.81,1.26
OI000689,O00735,P0235,1,14603.25,29.76
OI000690,O00999,P0265,1,40361.6,25.72
OI000691,O00362,P0555,1,15318.15,10.49
OI000692,O00080,P0521,4,27209.92,2.32
OI000693,O00209,P0335,5,14314.52,24.68
OI000694,O00426,P0075,4,8382.48,4.29
OI000695,O00335,P0623,3,18643.8,12.24
OI000696,O00668,P0385,4,40736.6,8.82
OI000697,O00032,P0166,3,11371.72,27.91
OI000698,O00934,P0607,1,24870.89,6.34
OI000699,O00321,P0525,5,28566.65,21.39
OI000700,O00963,P0222,4,31164.79,0.98
OI000701,O00744,P0155,4,37674.5,19.48
OI000702,O00979,P0081,2,14002.36,29.93
OI000703,O00646,P0563,4,599.05,3.64
OI000704,O00900,P0542,1,26671.08,19.78
OI000705,O00533,P0453,3,19634.62,25.08
OI000706,O00301,P0251,3,2921.04,23.03
OI000707,O00371,P0238,4,1372.95,29.17
OI000708,O00710,P0248,4,9579.42,26.41
OI000709,O00371,P0083,3,33871.2,2.29
OI000710,O00371,P0497,5,11165.94,23.59
OI000711,O00236,P0585,2,41067.34,7.35
OI000712,O00932,P0419,5,27976.19,18.17
OI000713,O00815,P0295,3,17980.47,2.45
OI000714,O00432,P0519,2,5265.31,18.98
OI000715,O00792,P0204,2,5543.42,0.47
OI000716,O00124,P0430,3,33009.73,21.34
OI000717,O00482,P0105,2,23069.24,25.02
OI000718,O00025,P0172,1,11752.85,26.01
OI000719,O00941,P0399,4,19925.89,12.07
OI000720,O00571,P0249,3,6682.94,26.92
OI000721,O00920,P0346,5,14784.01,3.23
OI000722,O00740,P0048,1,11218.1,10.65
OI000723,O00460,P0420,4,21478.83,13.07
OI000724,O00776,P0490,2,259.93,21.71
OI000725,O00604,P0523,1,22434.52,0.23
OI000726,O00608,P0380,4,24274.75,13.16
OI000727,O00521,P0604,3,43035.43,2.91
OI000728,O00305,P0507,3,33097.65,15.53
OI000729,O00538,P0595,5,17500.17,12.8
OI000730,O00331,P0395,3,29780.9,28.61
OI000731,O00043,P0217,4,34563.48,17.25
OI000732,O00631,P0323,1,15503.75,4.97
OI000733,O00295,P0282,4,10589.44,26.56
OI000734,O00296,P0267,5,31740.29,27.74
OI000735,O00683,P0287,2,13751.59,16.56
OI000736,O00521,P0174,1,38088.04,1.19
OI000737,O00913,P0554,5,44826.65,0.2
OI000738,O00853,P0028,3,759.23,28.25
OI000739,O00585,P0438,4,36005.36,24.93
OI000740,O00303,P0114,1,15176.54,12.97
OI000741,O00270,P0090,2,34823.36,21.95
OI000742,O00120,P0364,1,21434.21,6.67
OI000743,O00077,P0336,2,19102.46,8.28
OI000744,O00646,P0527,1,2204.17,9.44
OI000745,O00947,P0041,4,9625.61,21.15
OI000746,O00534,P0327,2,8193.33,19.83
OI000747,O00899,P0038,1,21882.09,17.59
OI000748,O00894,P0227,2,2310.32,4.54
OI000749,O00834,P0193,4,2088.02,5.96
OI000750,O00897,P0092,5,5289.36,22.48
OI000751,O00004,P0446,1,25902.41,18.34
OI000752,O00728,P0184,1,21944.83,7.89
OI000753,O00390,P0599,2,19809.59,14.53
OI000754,O00673,P0186,3,25300.67,26.25
OI000755,O00685,P0498,4,3076.5,11.77
OI000756,O00366,P0558,4,20556.9,6.57
OI000757,O00987,P0296,4,13213.91,9.76
OI000758,O00679,P0437,1,7954.53,28.69
OI000759,O00677,P0118,3,153.41,21.14
OI000760,O00793,P0497,4,13113.77,20.62
OI000761,O00030,P0299,3,32615.8,26.69
OI000762,O00802,P0420,1,20024.54,9.7
OI000763,O00692,P0327,4,6845.67,13.26
OI000764,O00409,P0268,1,21758.82,21.85
OI000765,O00348,P0048,3,9978.02,6.64
OI000766,O00897,P0172,5,12180.87,18.76
OI000767,O00971,P0630,5,19992.94,18.15
OI000768,O00021,P0023,4,21833.97,21.14
OI000769,O00935,P0363,5,22861.36,1.48
OI000770,O00216,P0372,5,25407.98,4.71
OI000771,O00549,P0407,2,1011.76,4.84
OI000772,O00383,P0341,4,17669.6,22.0
OI000773,O00963,P0015,1,28940.08,22.65
OI000774,O00540,P0106,5,12483.62,14.55
OI000775,O00161,P0291,3,13020.81,18.95
OI000776,O00705,P0255,1,5532.85,3.71
OI000777,O00803,P0388,4,9834.3,22.22
OI000778,O00277,P0088,1,2057.63,21.66
OI000779,O00781,P0427,1,9631.09,24.91
OI000780,O00620,P0157,1,26034.55,23.78
OI000781,O00199,P0622,3,22174.0,12.75
OI000782,O00762,P0025,3,9286.37,6.08
OI000783,O00271,P0592,4,37098.12,12.89
OI000784,O00228,P0418,5,25525.31,8.53
OI000785,O00720,P0548,5,10385.97,0.52
OI000786,O00509,P0405,3,14574.2,21.44
OI000787,O00464,P0231,5,33743.97,11.92
OI000788,O00238,P0459,3,40034.83,3.27
OI000789,O00319,P0342,2,20672.99,29.27
OI000790,O00098,P0576,2,9539.74,28.26
OI000791,O00608,P0257,1,11172.12,18.49
OI000792,O00485,P0537,5,31160.45,1.77
OI000793,O00506,P0260,4,3340.59,10.14
OI000794,O00155,P0039,3,1366.16,17.96
OI000795,O00893,P0007,3,16964.34,22.65
OI000796,O00814,P0502,5,21336.91,28.78
OI000797,O00242,P0331,4,1544.13,15.43
OI000798,O00880,P0085,1,7095.91,2.33
OI000799,O00131,P0015,2,25501.94,3.64
OI000800,O00203,P0450,1,6477.56,12.73
OI000801,O00175,P0539,4,14676.41,26.23
OI000802,O00429,P0410,1,33991.82,13.06
OI000803,O00302,P0279,5,32896.79,26.69
OI000804,O00578,P0171,2,36543.31,20.55
OI000805,O00823,P0630,3,21697.91,7.54
OI000806,O00474,P0217,3,40404.72,21.6
OI000807,O00873,P0140,2,13934.71,24.88
OI000808,O00011,P0327,4,6210.39,14.11
OI000809,O00006,P0321,2,2405.34,2.82
OI000810,O00470,P0340,1,8133.87,14.06
OI000811,O00161,P0070,3,41050.52,26.5
OI000812,O00354,P0016,2,24032.81,24.62
OI000813,O00889,P0438,5,39112.03,11.02
OI000814,O00786,P0414,3,41775.06,19.25
OI000815,O00208,P0081,5,11651.8,21.92
OI000816,O00287,P0184,3,23325.35,3.8
OI000817,O00535,P0603,4,16082.07,23.16
OI000818,O00607,P0621,3,43642.67,22.12
OI000819,O00631,P0486,2,31471.43,23.5
OI000820,O00222,P0095,5,2585.67,4.94
OI000821,O00896,P0002,3,1761.39,29.1
OI000822,O00141,P0525,4,24747.45,14.15
OI000823,O00310,P0514,1,8238.8,11.8
OI000824,O00793,P0396,4,36634.06,25.16
OI000825,O00325,P0545,1,42696.33,25.27
OI000826,O00979,P0172,3,15109.62,25.2
OI000827,O00574,P0454,4,18338.27,7.52
OI000828,O00124,P0573,4,28087.19,5.34
OI000829,O00887,P0376,4,20962.11,10.38
OI000830,O00435,P0220,5,29253.84,29.94
OI000831,O00962,P0197,4,24277.09,28.0
OI000832,O00011,P0202,4,37689.48,5.85
OI000833,O00601,P0319,3,1965.01,11.07
OI000834,O00260,P0516,1,9090.08,1.01
OI000835,O00282,P0492,4,7543.68,20.86
OI000836,O00260,P0282,1,13004.51,24.7
OI000837,O00884,P0484,5,31592.13,14.71
OI000838,O00485,P0560,1,22764.46,0.87
OI000839,O00916,P0158,2,35878.37,3.95
OI000840,O00430,P0124,1,7334.45,21.32
OI000841,O00322,P0101,5,36249.72,25.58
OI000842,O00671,P0630,1,20019.73,20.16
OI000843,O00922,P0326,2,27266.95,17.61
OI000844,O00967,P0377,5,7165.38,19.93
OI000845,O00427,P0064,1,12846.44,22.84
OI000846,O00152,P0275,1,3595.35,1.34
OI000847,O00624,P0205,5,30936.85,19.06
OI000848,O00863,P0005,3,26879.9,10.52
OI000849,O00350,P0479,5,20096.73,2.58
OI000850,O00953,P0476,1,26826.81,2.72
OI000851,O00748,P0090,2,26676.77,18.8
OI000852,O00021,P0175,1,25464.27,11.24
OI000853,O00084,P0254,3,38442.34,19.27
OI000854,O00924,P0197,2,23595.32,11.38
OI000855,O00294,P0184,3,19309.69,9.47
OI000856,O00232,P0194,3,260.16,5.31
OI000857,O00303,P0267,4,25880.26,14.7
OI000858,O00593,P0374,3,40848.72,15.69
OI000859,O00850,P0176,1,21025.35,17.56
OI000860,O00160,P0552,5,28021.66,21.07
OI000861,O00356,P0297,2,14286.35,29.05
OI000862,O00565,P0277,1,32114.4,6.32
OI000863,O00224,P0480,3,14162.48,3.46
OI000864,O00675,P0192,4,17110.02,17.6
OI000865,O00382,P0579,4,38171.52,27.04
OI000866,O00331,P0109,3,42056.13,0.24
OI000867,O00432,P0488,3,20292.52,27.09
OI000868,O00192,P0368,3,7918.4,16.4
OI000869,O00771,P0024,4,36876.22,13.69
OI000870,O00590,P0447,4,23529.9,7.31
OI000871,O00741,P0384,5,36900.34,20.36
OI000872,O00308,P0043,2,21478.2,27.03
OI000873,O00520,P0112,4,26432.27,8.08
OI000874,O00592,P0412,5,24244.3,15.37
OI000875,O00945,P0309,5,15747.6,28.29
OI000876,O00204,P0583,2,14781.56,9.99
OI000877,O00983,P0057,1,14677.5,22.97
OI000878,O00821,P0356,4,8721.48,13.82
OI000879,O00675,P0153,2,16734.32,9.04
OI000880,O00083,P0191,2,25906.71,13.1
OI000881,O00742,P0252,2,30155.01,25.37
OI000882,O00384,P0007,4,13479.33,3.0
OI000883,O00564,P0405,2,15397.57,20.05
OI000884,O00852,P0476,2,35455.08,2.87
OI000885,O00132,P0327,2,6871.14,9.81
OI000886,O00290,P0436,5,8748.58,2.15
OI000887,O00501,P0602,1,17339.62,18.26
OI000888,O00787,P0242,3,37930.53,15.04
OI000889,O00002,P0627,5,29666.07,27.44
OI000890,O00662,P0237,2,34978.07,1.33
OI000891,O00310,P0447,1,22198.71,19.62
OI000892,O00436,P0156,3,29763.92,20.26
OI000893,O00493,P0037,3,1350.83,12.65
OI000894,O00168,P0409,5,13849.29,13.95
OI000895,O00085,P0356,1,9710.9,12.13
OI000896,O00827,P0014,2,23271.56,17.24
OI000897,O00394,P0467,1,40169.98,28.8
OI000898,O00412,P0434,1,33813.4,7.76
OI000899,O00650,P0120,5,26498.91,27.25
OI000900,O00515,P0383,4,44550.21,25.33
OI000901,O00996,P0375,1,39041.21,29.42
OI000902,O00545,P0394,1,9725.26,10.11
OI000903,O00957,P0606,3,4792.88,24.39
OI000904,O00746,P0467,4,32786.89,8.45
OI000905,O00125,P0503,4,20302.22,26.67
OI000906,O00703,P0380,3,24769.27,20.25
OI000907,O00786,P0026,5,36751.5,8.8
OI000908,O00428,P0019,4,18212.76,19.08
OI000909,O00611,P0116,3,13281.22,15.94
OI000910,O00406,P0256,2,20157.59,2.84
OI000911,O00745,P0150,4,6670.85,8.24
OI000912,O00996,P0471,5,7706.17,24.77
OI000913,O00855,P0538,5,440.84,2.3
OI000914,O00382,P0041,2,12080.83,21.71
OI000915,O00832,P0105,4,20091.26,21.76
OI000916,O00346,P0311,4,23772.88,5.52
OI000917,O00765,P0265,1,42847.26,13.0
OI000918,O00120,P0198,5,17738.13,9.1
OI000919,O00527,P0554,2,43083.75,1.46
OI000920,O00588,P0486,2,40512.66,13.11
OI000921,O00765,P0192,3,20152.22,1.37
OI000922,O00409,P0187,3,24504.59,12.22
OI000923,O00020,P0426,2,20737.5,13.87
OI000924,O00810,P0327,1,6336.45,0.54
OI000925,O00333,P0228,1,16633.1,21.84
OI000926,O00624,P0473,5,22845.77,17.86
OI000927,O00555,P0400,4,11667.95,0.38
OI000928,O00349,P0329,3,9389.07,4.55
OI000929,O00875,P0512,2,33712.41,5.1
OI000930,O00400,P0263,4,28235.14,25.57
OI000931,O00991,P0082,4,25819.86,10.36
OI000932,O00213,P0544,3,15783.83,22.53
OI000933,O00463,P0480,1,15077.53,17.55
OI000934,O00640,P0362,5,38474.14,29.87
OI000935,O00024,P0292,5,39670.56,29.69
OI000936,O00385,P0552,2,30254.53,28.46
OI000937,O00127,P0101,4,35262.25,29.76
OI000938,O00585,P0298,2,15995.87,23.01
OI000939,O00753,P0412,5,29033.94,22.54
OI000940,O00429,P0615,3,23170.32,10.9
OI000941,O00109,P0327,5,7277.62,11.77
OI000942,O00880,P0415,4,37013.45,8.59
OI000943,O00947,P0462,2,6972.06,5.33
OI000944,O00296,P0005,5,33773.14,22.89
OI000945,O00672,P0178,1,23683.76,19.59
OI000946,O00998,P0430,4,25854.55,0.87
OI000947,O00230,P0143,5,29829.0,29.97
OI000948,O00614,P0586,4,43248.47,9.75
OI000949,O00256,P0172,5,14611.86,20.53
OI000950,O00975,P0381,1,26394.36,26.51
OI000951,O00670,P0400,5,9939.05,5.79
OI000952,O00936,P0167,4,34379.94,26.24
OI000953,O00180,P0485,2,36028.42,8.79
OI000954,O00916,P0033,2,14590.95,13.78
OI000955,O00701,P0619,4,43412.62,23.9
OI000956,O00997,P0474,5,6931.77,24.11
OI000957,O00858,P0341,2,17914.49,21.66
OI000958,O00072,P0009,1,15643.11,12.19
OI000959,O00533,P0483,4,17962.94,12.51
OI000960,O00267,P0552,1,34744.68,18.21
OI000961,O00547,P0026,4,40382.02,21.78
OI000962,O00300,P0409,1,11459.72,21.5
OI000963,O00524,P0452,4,31244.57,3.11
OI000964,O00868,P0270,5,5162.53,3.35
OI000965,O00174,P0377,4,9576.6,4.26
OI000966,O00249,P0496,2,18615.3,9.9
OI000967,O00711,P0077,4,2758.65,14.75
OI000968,O00251,P0268,3,22030.16,13.34
OI000969,O00807,P0463,3,36330.89,17.83
OI000970,O00780,P0145,2,32536.25,0.78
OI000971,O00902,P0381,5,22589.45,8.74
OI000972,O00968,P0164,5,11344.3,14.26
OI000973,O00451,P0303,2,30922.74,20.85
OI000974,O00151,P0624,3,41806.89,7.72
OI000975,O00234,P0030,2,30248.07,4.45
OI000976,O00013,P0267,3,31352.8,22.36
OI000977,O00530,P0417,4,30678.05,5.11
OI000978,O00353,P0161,5,37561.6,9.43
OI000979,O00384,P0389,4,29786.11,26.12
OI000980,O00494,P0181,4,15860.0,0.43
OI000981,O00970,P0068,3,20600.36,6.19
OI000982,O00154,P0286,5,7933.28,23.68
OI000983,O00666,P0203,3,19418.83,17.08
OI000984,O00654,P0014,5,29359.28,22.24
OI000985,O00373,P0035,4,13913.58,28.56
OI000986,O00520,P0070,3,39703.42,16.04
OI000987,O00760,P0552,1,38133.82,1.68
OI000988,O00581,P0537,2,25106.43,23.92
OI000989,O00188,P0252,2,30212.57,13.68
OI000990,O00042,P0625,3,18476.84,2.74
OI000991,O00195,P0067,2,14581.7,1.83
OI000992,O00234,P0251,5,3629.65,14.32
OI000993,O00101,P0551,1,23076.89,19.02
OI000994,O00202,P0491,1,29329.93,14.28
OI000995,O00103,P0557,5,5836.19,14.62
OI000996,O00583,P0011,5,10978.23,27.15
OI000997,O00738,P0455,2,36994.83,19.05
OI000998,O00774,P0469,1,2187.01,12.22
OI000999,O00278,P0506,2,5141.52,14.5
OI001000,O00291,P0308,3,36575.4,7.47
OI001001,O00282,P0576,5,9998.58,13.2
OI001002,O00775,P0188,4,9707.0,26.8
OI001003,O00522,P0483,4,18810.91,1.97
OI001004,O00443,P0313,1,21345.57,13.3
OI001005,O00654,P0553,2,29703.25,3.26
OI001006,O00238,P0220,3,28562.41,9.6
OI001007,O00544,P0485,1,41910.41,27.83
OI001008,O00216,P0586,2,33781.41,5.76
OI001009,O00406,P0177,2,28021.95,4.71
OI001010,O00980,P0530,4,2170.95,23.66
OI001011,O00799,P0277,2,37710.01,14.16
OI001012,O00877,P0312,3,3167.2,10.01
OI001013,O00363,P0324,4,29413.56,16.9
OI001014,O00781,P0429,1,33682.53,12.12
OI001015,O00992,P0420,3,20705.35,4.2
OI001016,O00468,P0282,1,12312.02,6.07
OI001017,O00678,P0264,3,24273.84,0.71
OI001018,O00438,P0393,3,13684.4,22.17
OI001019,O00817,P0222,5,27416.69,25.69
OI001020,O00110,P0078,2,21167.65,21.69
OI001021,O00965,P0609,4,41115.56,28.4
OI001022,O00800,P0401,4,2139.71,29.61
OI001023,O00601,P0386,1,19190.08,19.19
OI001024,O00283,P0552,3,31049.04,8.53
OI001025,O00484,P0139,1,27693.32,23.26
OI001026,O00424,P0157,2,24588.98,17.22
OI001027,O00576,P0092,4,4113.18,17.18
OI001028,O00782,P0268,5,24401.5,8.74
OI001029,O00023,P0145,1,37234.49,20.98
OI001030,O00757,P0323,3,19360.58,13.38
OI001031,O00906,P0221,2,3721.46,6.83
OI001032,O00371,P0343,2,42254.4,21.12
OI001033,O00262,P0620,1,25324.11,19.27
OI001034,O00438,P0407,4,1246.95,24.95
OI001035,O00062,P0526,3,19429.8,13.12
OI001036,O00033,P0518,3,23206.31,14.76
OI001037,O00589,P0343,1,43186.83,16.96
OI001038,O00998,P0573,1,26760.16,23.96
OI001039,O00867,P0091,5,6893.0,18.3
OI001040,O00196,P0076,4,1835.26,13.97
OI001041,O00911,P0157,3,19474.5,19.44
OI001042,O00348,P0466,5,15271.03,22.18
OI001043,O00972,P0444,1,4682.44,8.81
OI001044,O00639,P0401,1,1898.95,9.67
OI001045,O00155,P0267,2,29713.62,23.03
OI001046,O00546,P0470,2,20639.76,17.23
OI001047,O00364,P0592,2,34031.82,4.45
OI001048,O00316,P0187,1,21718.19,18.06
OI001049,O00865,P0042,2,33681.82,28.64
OI001050,O00336,P0324,2,34089.15,6.05
OI001051,O00168,P0436,3,8133.62,27.6
OI001052,O00791,P0365,1,4647.91,26.97
OI001053,O00451,P0128,4,21022.36,26.03
OI001054,O00875,P0215,4,14648.7,13.16
OI001055,O00204,P0212,4,16252.44,3.74
OI001056,O00993,P0181,5,15951.74,21.74
OI001057,O00125,P0168,2,5592.66,14.67
OI001058,O00620,P0368,3,8889.72,6.31
OI001059,O00093,P0521,3,32153.38,15.26
OI001060,O00968,P0469,1,1937.9,24.1
OI001061,O00410,P0104,3,24675.02,9.3
OI001062,O00067,P0446,3,23064.71,21.04
OI001063,O00667,P0401,4,1906.25,28.93
OI001064,O00748,P0333,1,12580.53,7.47
OI001065,O00579,P0011,2,11397.93,4.21
OI001066,O00482,P0041,1,12017.4,6.29
OI001067,O00758,P0302,3,36880.08,24.7
OI001068,O00430,P0178,2,29432.28,28.96
OI001069,O00760,P0187,3,31360.46,3.28
OI001070,O00167,P0032,4,28058.56,12.11
OI001071,O00383,P0273,5,22104.19,23.5
OI001072,O00340,P0031,4,15851.1,26.16
OI001073,O00936,P0419,1,26594.91,22.88
OI001074,O00740,P0539,2,14808.47,0.45
OI001075,O00919,P0230,1,38221.81,1.99
OI001076,O00992,P0489,4,962.31,25.68
OI001077,O00550,P0452,2,32054.09,24.28
OI001078,O00001,P0320,4,32012.61,27.09
OI001079,O00132,P0332,5,2015.35,18.41
OI001080,O00734,P0100,4,13216.99,24.93
OI001081,O00585,P0202,2,35322.24,3.89
OI001082,O00965,P0148,2,19179.05,22.3
OI001083,O00735,P0415,3,38829.38,3.16
OI001084,O00232,P0258,2,32655.36,9.03
OI001085,O00728,P0475,5,32436.6,17.32
OI001086,O00905,P0275,2,3865.54,11.24
OI001087,O00149,P0595,1,16885.93,23.99
OI001088,O00648,P0051,2,38906.38,0.43
OI001089,O00650,P0036,2,9553.51,9.68
OI001090,O00586,P0494,4,14743.0,5.63
OI001091,O00891,P0593,4,10816.46,6.45
OI001092,O00637,P0271,5,6030.55,22.35
OI001093,O00672,P0528,3,4183.11,26.78
OI001094,O00262,P0351,4,1325.69,13.69
OI001095,O00099,P0352,5,1890.31,23.46
OI001096,O00437,P0028,5,731.4,6.81
OI001097,O00469,P0115,1,30709.03,8.87
OI001098,O00895,P0357,3,9087.58,16.6
OI001099,O00963,P0086,5,28515.95,24.6
OI001100,O00907,P0525,2,21721.43,20.42
OI001101,O00795,P0019,2,21567.32,10.62
OI001102,O00616,P0157,5,27262.28,15.75
OI001103,O00820,P0547,3,25738.02,20.81
OI001104,O00544,P0172,3,11905.75,20.41
OI001105,O00651,P0635,2,40889.94,22.53
OI001106,O00156,P0555,5,14234.27,6.07
OI001107,O00051,P0412,3,28797.66,15.65
OI001108,O00432,P0489,4,741.15,21.65
OI001109,O00308,P0002,1,1916.36,16.67
OI001110,O00320,P0215,5,18753.84,2.0
OI001111,O00774,P0422,2,12534.06,24.67
OI001112,O00783,P0250,4,2029.66,19.38
OI001113,O00401,P0607,2,26640.11,10.51
OI001114,O00232,P0284,2,27298.99,3.7
OI001115,O00758,P0601,2,24799.66,4.27
OI001116,O00283,P0337,1,17226.56,15.62
OI001117,O00537,P0107,5,28629.52,19.81
OI001118,O00306,P0129,5,4763.11,13.63
OI001119,O00073,P0351,3,1413.92,1.23
OI001120,O00859,P0263,1,36947.9,12.78
OI001121,O00173,P0500,3,34376.6,3.09
OI001122,O00750,P0619,5,41536.89,7.24
OI001123,O00871,P0508,4,19449.94,19.14
OI001124,O00886,P0288,3,29626.38,19.21
OI001125,O00337,P0431,3,27546.55,2.49
OI001126,O00104,P0499,2,2006.69,6.64
OI001127,O00445,P0274,1,47717.56,24.79
OI001128,O00500,P0576,5,12397.15,11.27
OI001129,O00532,P0393,1,13927.61,17.71
OI001130,O00813,P0102,5,24932.0,29.0
OI001131,O00245,P0371,5,31311.48,27.11
OI001132,O00432,P0405,1,12296.04,23.64
OI001133,O00873,P0473,5,27213.11,1.12
OI001134,O00409,P0444,1,4304.31,5.42
OI001135,O00646,P0338,1,34525.84,12.36
OI001136,O00030,P0469,3,2295.87,20.49
OI001137,O00361,P0256,3,23844.82,1.43
OI001138,O00470,P0271,2,5435.19,23.12
OI001139,O00561,P0331,4,1570.49,23.43
OI001140,O00177,P0513,1,791.1,18.49
OI001141,O00758,P0235,3,13972.11,3.04
OI001142,O00740,P0094,4,13814.92,14.92
OI001143,O00191,P0393,2,12047.56,21.22
OI001144,O00360,P0347,4,39983.94,22.64
OI001145,O00983,P0174,3,29189.61,5.69
OI001146,O00318,P0520,5,26659.84,16.8
OI001147,O00183,P0409,5,13145.92,5.96
OI001148,O00093,P0614,4,20625.71,4.37
OI001149,O00349,P0547,3,24229.17,27.64
OI001150,O00107,P0302,5,36183.54,2.47
OI001151,O00231,P0455,1,31885.27,4.65
OI001152,O00281,P0028,4,766.95,20.85
OI001153,O00225,P0253,2,8115.76,24.35
OI001154,O00149,P0014,3,22479.51,0.62
OI001155,O00627,P0496,4,19908.64,16.54
OI001156,O00582,P0198,4,17121.67,15.56
OI001157,O00410,P0591,4,40413.89,21.2
OI001158,O00373,P0271,4,5850.68,27.0
OI001159,O00960,P0242,3,40923.42,2.31
OI001160,O00710,P0139,3,34374.3,29.59
OI001161,O00253,P0553,5,28781.14,29.43
OI001162,O00804,P0521,4,32930.97,3.14
OI001163,O00847,P0620,2,32539.73,21.53
OI001164,O00661,P0569,2,31473.7,17.23
OI001165,O00055,P0473,5,23014.54,17.73
OI001166,O00067,P0177,1,27460.76,16.77
OI001167,O00059,P0357,4,10694.31,4.44
OI001168,O00699,P0364,1,23143.55,8.28
OI001169,O00259,P0030,5,29119.91,21.13
OI001170,O00966,P0138,4,24194.33,13.56
OI001171,O00552,P0313,3,16102.1,23.95
OI001172,O00521,P0418,2,31253.83,29.41
OI001173,O00601,P0324,1,38264.95,1.59
OI001174,O00773,P0368,5,7752.67,29.32
OI001175,O00629,P0067,5,13925.12,4.84
OI001176,O00200,P0256,5,27183.33,29.69
OI001177,O00856,P0187,1,28763.83,14.85
OI001178,O00123,P0341,1,16652.69,12.11
OI001179,O00718,P0398,4,7383.63,14.23
OI001180,O00868,P0353,2,29071.74,10.65
OI001181,O00725,P0442,3,24004.21,5.54
OI001182,O00412,P0207,2,34374.97,19.42
OI001183,O00084,P0349,4,37614.65,15.72
OI001184,O00021,P0622,1,23806.22,1.77
OI001185,O00383,P0099,2,10950.38,29.55
OI001186,O00013,P0006,3,19371.39,0.83
OI001187,O00927,P0583,5,16569.88,2.08
OI001188,O00177,P0195,5,3647.91,16.06
OI001189,O01000,P0355,1,10201.98,27.38
OI001190,O00615,P0385,5,29744.86,13.22
OI001191,O00867,P0183,5,14336.82,24.57
OI001192,O00032,P0639,1,20992.77,26.65
OI001193,O00813,P0125,3,15453.21,3.23
OI001194,O00700,P0186,5,22320.54,27.01
OI001195,O00510,P0199,5,3452.62,18.4
OI001196,O00346,P0467,5,46001.44,23.52
OI001197,O00967,P0121,5,28525.22,7.39
OI001198,O00145,P0247,4,6003.96,12.13
OI001199,O00367,P0062,4,14765.54,27.29
OI001200,O00725,P0607,1,34087.84,2.73
OI001201,O00671,P0330,5,2487.93,21.07
OI001202,O00535,P0405,5,13918.81,8.48
OI001203,O00139,P0460,2,33407.66,18.79
OI001204,O00414,P0447,4,19643.37,0.72
OI001205,O00107,P0331,5,1410.83,11.66
OI001206,O00510,P0296,1,11175.55,1.25
OI001207,O00970,P0093,3,25118.09,22.44
OI001208,O00585,P0557,2,7014.47,22.18
OI001209,O00548,P0030,1,34929.84,11.55
OI001210,O00361,P0552,1,36181.45,20.52
OI001211,O00445,P0522,5,17653.51,15.26
OI001212,O00698,P0047,2,5488.86,28.5
OI001213,O00914,P0228,3,13059.59,6.11
OI001214,O00212,P0586,5,29088.82,27.66
OI001215,O00211,P0121,3,27641.54,7.21
OI001216,O00834,P0340,2,11984.77,24.8
OI001217,O00381,P0413,1,20468.9,17.96
OI001218,O00637,P0266,4,616.93,21.31
OI001219,O00924,P0319,2,2801.03,19.6
OI001220,O00936,P0281,4,38815.23,12.48
OI001221,O00424,P0388,3,13287.79,5.68
OI001222,O00798,P0501,3,19489.51,18.8
OI001223,O00405,P0044,4,12405.67,20.68
OI001224,O00073,P0119,1,24670.29,23.74
OI001225,O00069,P0189,5,3701.88,28.31
OI001226,O00263,P0409,3,12337.1,8.54
OI001227,O00584,P0269,1,35515.16,11.85
OI001228,O00907,P0208,1,11151.34,14.94
OI001229,O00131,P0532,1,17996.24,3.28
OI001230,O00235,P0040,4,28834.94,22.88
OI001231,O00826,P0071,2,33357.17,11.13
OI001232,O00757,P0148,4,18711.89,1.23
OI001233,O00957,P0517,2,1072.21,21.75
OI001234,O00045,P0584,1,5706.86,10.24
OI001235,O00974,P0258,2,27928.77,6.02
OI001236,O00660,P0059,4,38570.13,28.4
OI001237,O00518,P0067,2,12539.22,5.83
OI001238,O00674,P0451,1,5736.67,2.08
OI001239,O00252,P0618,5,32201.16,4.83
OI001240,O00561,P0327,1,6007.18,1.95
OI001241,O00531,P0549,1,33742.69,5.1
OI001242,O00956,P0331,3,1146.51,27.05
OI001243,O00701,P0241,1,22269.3,16.88
OI001244,O00834,P0398,5,6534.82,6.74
OI001245,O00644,P0038,5,24945.36,0.59
OI001246,O00844,P0489,5,849.11,8.47
OI001247,O00631,P0398,4,9099.59,7.13
OI001248,O00503,P0629,3,33267.27,29.64
OI001249,O00466,P0492,2,9140.26,26.38
OI001250,O00230,P0149,3,18210.46,5.23
OI001251,O00991,P0399,3,24599.88,11.04
OI001252,O00022,P0444,3,4157.38,13.8
OI001253,O00728,P0556,2,20243.76,3.75
OI001254,O00642,P0363,2,33116.58,12.63
OI001255,O00428,P0473,4,23073.96,11.65
OI001256,O00373,P0347,3,36682.56,3.99
OI001257,O00543,P0212,2,13811.21,5.73
OI001258,O00200,P0635,3,41742.93,16.45
OI001259,O00783,P0420,3,20690.74,6.41
OI001260,O00145,P0483,1,22281.71,13.57
OI001261,O00927,P0640,4,24190.98,6.52
OI001262,O00565,P0162,4,1696.01,12.95
OI001263,O00966,P0455,1,38559.3,11.58
OI001264,O00684,P0178,3,29924.45,20.42
OI001265,O00788,P0161,4,33767.07,24.03
OI001266,O00155,P0423,3,12178.83,26.04
OI001267,O00134,P0500,3,40633.12,22.9
OI001268,O00544,P0038,1,27412.78,2.57
OI001269,O00009,P0056,3,46166.43,9.4
OI001270,O00924,P0367,2,36146.22,28.74
OI001271,O00315,P0069,3,6180.09,9.47
OI001272,O00927,P0459,4,37702.07,5.26
OI001273,O00311,P0105,5,17146.72,26.42
OI001274,O00168,P0427,1,12241.59,18.55
OI001275,O00163,P0577,5,2229.3,21.0
OI001276,O00288,P0257,1,14039.34,4.4
OI001277,O00456,P0101,1,33882.05,11.43
OI001278,O00389,P0490,2,263.26,17.59
OI001279,O00838,P0373,4,11727.71,5.46
OI001280,O00916,P0022,4,20416.36,17.0
OI001281,O00907,P0349,1,39528.75,2.07
OI001282,O00139,P0309,4,15480.7,3.33
OI001283,O00958,P0203,3,17743.96,23.78
OI001284,O00806,P0087,3,37089.28,23.98
OI001285,O00017,P0638,5,24472.39,5.07
OI001286,O00872,P0260,2,3646.41,29.46
OI001287,O00926,P0026,4,37624.09,5.01
OI001288,O00665,P0246,3,35022.78,29.88
OI001289,O00346,P0043,3,21371.73,22.79
OI001290,O00470,P0084,3,14298.81,3.92
OI001291,O00949,P0012,5,14627.51,11.42
OI001292,O00927,P0483,4,20870.06,20.86
OI001293,O00277,P0386,3,21741.03,15.38
OI001294,O00803,P0436,4,9946.73,3.97
OI001295,O00355,P0269,5,27918.12,8.45
OI001296,O00086,P0462,1,6679.11,27.4
OI001297,O00883,P0523,1,21017.99,3.86
OI001298,O00781,P0111,2,12051.31,11.2
OI001299,O00158,P0587,2,517.67,25.91
OI001300,O00010,P0015,3,29200.7,18.52
OI001301,O00160,P0598,4,17330.03,9.93
OI001302,O00681,P0110,5,21186.46,21.12
OI001303,O00205,P0085,2,6074.54,28.54
OI001304,O00004,P0445,2,1988.85,21.51
OI001305,O00397,P0330,5,2113.02,24.53
OI001306,O00726,P0509,5,33381.63,14.08
OI001307,O00750,P0608,1,39231.64,15.23
OI001308,O00082,P0182,2,35958.6,26.35
OI001309,O00590,P0195,1,3959.91,2.27
OI001310,O00192,P0331,2,1220.05,19.06
OI001311,O00607,P0305,5,9043.68,19.22
OI001312,O00224,P0438,3,40530.19,22.06
OI001313,O00544,P0009,3,13211.28,4.84
OI001314,O00064,P0066,4,26951.47,21.99
OI001315,O00635,P0442,1,25752.11,26.96
OI001316,O00457,P0014,1,23264.96,23.14
OI001317,O00937,P0372,5,31231.49,1.98
OI001318,O00269,P0328,4,33723.23,24.33
OI001319,O00380,P0513,3,943.62,9.4
OI001320,O00763,P0196,2,34979.99,1.28
OI001321,O00362,P0421,4,44637.1,9.73
OI001322,O00816,P0414,4,47006.96,13.93
OI001323,O00157,P0147,4,1968.23,0.73
OI001324,O00143,P0326,4,28085.19,18.97
OI001325,O00410,P0376,1,18316.85,24.52
OI001326,O00928,P0178,2,25862.66,5.52
OI001327,O00098,P0018,4,35739.37,8.13
OI001328,O00203,P0024,4,31189.37,9.11
OI001329,O00979,P0564,3,3285.41,14.6
OI001330,O00742,P0513,4,827.07,25.55
OI001331,O00500,P0063,3,36070.83,2.01
OI001332,O00332,P0490,5,216.0,7.05
OI001333,O00966,P0508,2,19405.2,0.39
OI001334,O00316,P0164,3,11328.88,20.52
OI001335,O00440,P0628,1,597.3,15.89
OI001336,O00350,P0384,2,37424.1,29.11
OI001337,O00065,P0020,4,3456.09,7.38
OI001338,O00968,P0336,2,22308.37,27.08
OI001339,O00650,P0489,3,819.08,17.32
OI001340,O00340,P0201,2,31243.15,23.45
OI001341,O00587,P0236,5,16948.92,24.4
OI001342,O00256,P0502,5,21069.03,0.58
OI001343,O00524,P0099,4,15272.09,18.71
OI001344,O00084,P0543,4,28267.77,27.01
OI001345,O00970,P0274,1,38678.78,23.32
OI001346,O00811,P0284,2,22119.48,23.33
OI001347,O00486,P0254,2,35568.52,9.82
OI001348,O00845,P0637,4,28933.56,23.51
OI001349,O00980,P0329,4,9951.08,18.14
OI001350,O00550,P0206,2,23014.32,17.93
OI001351,O00124,P0304,1,43742.0,5.85
OI001352,O00819,P0518,3,18522.38,11.28
OI001353,O00718,P0013,3,5531.29,4.32
OI001354,O00026,P0031,4,16216.67,13.95
OI001355,O00932,P0153,4,15185.62,16.66
OI001356,O00609,P0456,3,5211.48,8.21
OI001357,O00283,P0204,5,4697.1,4.89
OI001358,O00132,P0332,1,1799.88,26.03
OI001359,O00566,P0490,3,201.41,24.95
OI001360,O00385,P0565,1,4829.53,19.39
OI001361,O00406,P0184,3,23794.27,22.82
OI001362,O00660,P0291,3,16694.17,17.06
OI001363,O00905,P0525,1,27919.31,21.41
OI001364,O00509,P0067,1,12273.49,3.07
OI001365,O00168,P0242,1,44524.7,29.17
OI001366,O00347,P0085,4,6844.76,2.09
OI001367,O00411,P0560,1,28493.89,19.25
OI001368,O00406,P0160,5,21014.13,24.43
OI001369,O00460,P0164,1,11922.45,26.06
OI001370,O00233,P0247,1,7319.48,16.73
OI001371,O00054,P0232,4,31020.44,6.57
OI001372,O00239,P0158,2,31074.14,9.69
OI001373,O00775,P0407,1,1113.66,8.69
OI001374,O00025,P0426,5,18760.71,6.0
OI001375,O00037,P0215,2,18669.1,0.21
OI001376,O00719,P0084,5,16230.09,15.27
OI001377,O00849,P0170,4,33945.79,16.09
OI001378,O00938,P0639,3,16025.42,11.23
OI001379,O00398,P0165,2,4811.26,7.69
OI001380,O00201,P0336,3,18192.37,19.51
OI001381,O00463,P0031,4,20528.01,19.54
OI001382,O00525,P0417,2,25384.85,1.25
OI001383,O00824,P0111,2,12820.77,17.11
OI001384,O00766,P0307,2,35393.11,24.54
OI001385,O00370,P0476,1,33917.96,6.89
OI001386,O00912,P0260,2,3642.89,9.3
OI001387,O00222,P0187,3,23754.71,28.4
OI001388,O00398,P0337,4,19591.08,18.05
OI001389,O00170,P0505,4,28859.96,8.56
OI001390,O00684,P0256,1,25580.29,26.53
OI001391,O00874,P0033,5,11477.37,0.34
OI001392,O00281,P0002,3,2089.35,21.86
OI001393,O00985,P0165,1,3538.68,6.46
OI001394,O00196,P0435,3,22074.71,12.52
OI001395,O00023,P0306,1,14408.05,9.06
OI001396,O00270,P0469,2,2053.11,19.1
OI001397,O00976,P0033,4,12212.45,3.38
OI001398,O00743,P0242,4,46459.56,17.39
OI001399,O00571,P0281,3,28789.08,16.9
OI001400,O00065,P0158,2,25425.42,20.34
OI001401,O00031,P0040,4,32274.38,13.97
OI001402,O00180,P0015,5,29488.48,19.7
OI001403,O00983,P0289,3,30451.14,6.08
OI001404,O00274,P0026,3,48582.06,5.64
OI001405,O00707,P0460,1,44141.11,1.32
OI001406,O00577,P0447,5,28284.69,14.66
OI001407,O00238,P0050,3,20643.77,17.94
OI001408,O00468,P0485,5,33447.82,19.76
OI001409,O00381,P0566,5,20057.76,22.06
OI001410,O00356,P0418,2,29068.22,11.16
OI001411,O00356,P0301,2,39055.55,22.55
OI001412,O00507,P0557,4,6238.23,12.95
OI001413,O00617,P0261,2,21220.61,10.76
OI001414,O00478,P0463,5,40661.29,4.93
OI001415,O00044,P0353,5,41083.01,29.48
OI001416,O00149,P0615,3,25481.01,24.96
OI001417,O00164,P0589,2,31813.24,23.77
OI001418,O00845,P0407,1,1258.69,26.42
OI001419,O00514,P0559,1,37589.9,17.26
OI001420,O00261,P0565,2,5041.61,20.52
OI001421,O00807,P0344,4,16355.45,21.96
OI001422,O00817,P0384,5,46801.35,15.69
OI001423,O00840,P0404,2,17122.02,22.49
OI001424,O00705,P0110,2,26633.43,13.61
OI001425,O00855,P0194,1,261.06,29.08
OI001426,O00820,P0112,4,23225.51,2.17
OI001427,O00973,P0315,2,18499.45,9.09
OI001428,O00215,P0556,1,19991.34,5.73
OI001429,O00017,P0033,3,11896.67,5.57
OI001430,O00795,P0075,1,6499.33,28.53
OI001431,O00433,P0368,4,7332.74,17.93
OI001432,O00352,P0399,3,18633.12,12.86
OI001433,O00604,P0491,5,31230.81,20.37
OI001434,O00033,P0513,3,797.39,7.67
OI001435,O00485,P0394,5,12670.72,12.68
OI001436,O00602,P0637,3,33494.46,20.55
OI001437,O00028,P0391,1,16486.0,22.77
OI001438,O00089,P0488,3,22175.57,2.49
OI001439,O00742,P0098,4,22820.22,10.12
OI001440,O00619,P0482,1,239.96,16.58
OI001441,O00721,P0464,2,7794.93,2.85
OI001442,O00701,P0133,5,16404.28,23.43
OI001443,O00958,P0520,4,23896.39,5.44
OI001444,O00282,P0580,4,39302.03,16.07
OI001445,O00742,P0051,3,33574.92,20.95
OI001446,O00503,P0180,4,2062.91,4.88
OI001447,O00298,P0617,3,24294.87,20.6
OI001448,O00992,P0080,2,19463.08,7.47
OI001449,O00397,P0182,4,32302.97,5.48
OI001450,O00349,P0599,4,16610.41,13.34
OI001451,O00718,P0120,1,20195.62,3.96
OI001452,O00970,P0621,5,29260.11,14.88
OI001453,O00814,P0442,1,26096.71,26.93
OI001454,O00378,P0558,1,21713.33,1.01
OI001455,O00447,P0572,4,30355.83,2.62
OI001456,O00899,P0368,4,8836.61,27.58
OI001457,O00929,P0142,1,6923.43,2.59
OI001458,O00192,P0203,4,20725.62,16.38
OI001459,O00571,P0271,4,5066.93,23.7
OI001460,O00190,P0598,4,13795.38,1.19
OI001461,O00208,P0152,3,30584.85,21.04
OI001462,O00012,P0382,1,370.2,0.36
OI001463,O00538,P0274,5,40015.82,9.1
OI001464,O00831,P0142,3,10158.56,25.82
OI001465,O00821,P0220,2,30496.23,14.35
OI001466,O00220,P0103,2,17088.64,19.0
OI001467,O00555,P0074,2,23782.34,25.74
OI001468,O00149,P0071,4,34465.44,29.62
OI001469,O00580,P0170,2,40616.71,12.41
OI001470,O00641,P0372,2,33049.59,12.19
OI001471,O00771,P0444,1,5639.24,23.42
OI001472,O00029,P0199,3,3849.29,18.19
OI001473,O00888,P0232,2,38017.91,28.48
OI001474,O00522,P0418,2,25088.19,15.64
OI001475,O00510,P0078,4,25693.42,12.52
OI001476,O00576,P0088,2,2788.26,1.2
OI001477,O00285,P0404,3,16342.64,24.2
OI001478,O00940,P0351,3,1357.66,18.16
OI001479,O00942,P0317,4,21284.93,11.58
OI001480,O00893,P0605,5,8104.16,18.16
OI001481,O00677,P0589,2,26187.11,2.73
OI001482,O00502,P0352,5,2112.97,18.94
OI001483,O00258,P0276,3,5073.27,17.83
OI001484,O00234,P0322,3,34021.08,16.98
OI001485,O00357,P0315,2,18987.56,15.53
OI001486,O00422,P0287,3,17217.85,20.09
OI001487,O00193,P0629,2,40056.2,20.65
OI001488,O00195,P0372,5,29710.63,6.13
OI001489,O00474,P0597,5,4077.95,21.74
OI001490,O00898,P0300,2,11209.94,23.7
OI001491,O00851,P0347,2,39862.05,24.29
OI001492,O00384,P0253,4,8268.64,8.12
OI001493,O00582,P0472,5,29593.09,7.64
OI001494,O00074,P0260,1,4332.47,24.39
OI001495,O00403,P0005,1,25828.32,28.02
OI001496,O00951,P0508,4,23758.03,16.52
OI001497,O00841,P0285,5,19953.88,5.98
OI001498,O00053,P0439,4,17944.48,14.29
OI001499,O00397,P0322,1,24702.29,3.69
OI001500,O00779,P0057,1,18259.63,8.32
OI001501,O00562,P0550,3,17240.22,2.88
OI001502,O00761,P0435,2,21669.67,19.81
OI001503,O00062,P0012,1,17060.86,18.73
OI001504,O00284,P0293,4,25233.39,6.61
OI001505,O00619,P0586,3,42979.9,10.61
OI001506,O00243,P0157,1,24231.73,9.5
OI001507,O00226,P0177,4,23469.03,18.49
OI001508,O00978,P0166,1,14459.7,18.42
OI001509,O00998,P0278,4,27144.15,7.39
OI001510,O00417,P0228,2,15625.07,4.97
OI001511,O00178,P0227,3,2141.44,7.16
OI001512,O00316,P0447,5,27378.08,25.49
OI001513,O00457,P0220,2,23778.24,2.46
OI001514,O00730,P0456,4,5322.45,26.64
OI001515,O00872,P0631,4,24400.23,22.95
OI001516,O00211,P0505,4,31548.52,15.72
OI001517,O00330,P0023,4,26424.15,11.64
OI001518,O00453,P0623,2,18961.33,21.1
OI001519,O00616,P0388,2,13022.93,6.21
OI001520,O00322,P0363,4,25320.95,21.45
OI001521,O00921,P0238,4,1550.42,14.09
OI001522,O00025,P0578,2,35336.09,1.94
OI001523,O00731,P0024,4,33636.34,10.79
OI001524,O00021,P0504,4,19463.29,27.28
OI001525,O00092,P0449,3,18145.6,8.07
OI001526,O00934,P0268,4,20650.09,6.57
OI001527,O00600,P0531,5,4863.98,5.87
OI001528,O00038,P0392,3,9224.95,6.86
OI001529,O00725,P0164,1,11261.55,16.58
OI001530,O00257,P0083,5,38997.05,13.59
OI001531,O00301,P0147,4,1848.24,27.48
OI001532,O00235,P0421,3,33161.43,2.0
OI001533,O00893,P0096,5,23471.66,19.64
OI001534,O00804,P0182,3,40702.16,28.26
OI001535,O00917,P0173,2,32213.23,28.84
OI001536,O00618,P0080,1,21843.39,8.07
OI001537,O00802,P0185,5,31957.63,13.88
OI001538,O00780,P0379,2,18256.29,27.96
OI001539,O00252,P0010,3,42722.43,22.99
OI001540,O00526,P0023,5,26390.61,1.71
OI001541,O00139,P0173,1,39826.88,25.4
OI001542,O00248,P0625,3,18642.14,8.38
OI001543,O00252,P0467,2,43950.47,21.4
OI001544,O00166,P0622,1,16234.76,11.32
OI001545,O00001,P0296,4,11181.75,14.7
OI001546,O00773,P0406,5,5889.06,12.12
OI001547,O00538,P0479,5,16548.36,18.17
OI001548,O00736,P0416,3,14235.68,12.23
OI001549,O00516,P0513,2,958.32,6.21
OI001550,O00615,P0378,3,10426.43,27.12
OI001551,O00392,P0386,3,21806.69,9.44
OI001552,O00204,P0018,2,35184.48,19.15
OI001553,O00151,P0462,5,6642.13,22.48
OI001554,O00665,P0311,4,22154.72,0.49
OI001555,O00233,P0451,3,4939.11,13.99
OI001556,O00477,P0382,2,362.98,12.47
OI001557,O00053,P0253,2,9702.99,27.68
OI001558,O00303,P0385,1,32237.78,27.28
OI001559,O00909,P0445,1,2355.47,10.64
OI001560,O00525,P0566,4,19023.91,29.44
OI001561,O00868,P0492,1,8744.37,5.8
OI001562,O00945,P0520,2,23190.1,3.04
OI001563,O00763,P0577,3,1726.8,15.29
OI001564,O00646,P0535,3,23046.56,12.1
OI001565,O00818,P0629,4,33293.7,9.8
OI001566,O00377,P0054,5,40203.89,26.51
OI001567,O00777,P0501,4,20766.82,1.08
OI001568,O00799,P0563,5,590.93,29.96
OI001569,O00158,P0388,3,12404.24,13.2
OI001570,O00740,P0275,2,3542.52,27.45
OI001571,O00096,P0633,4,8361.32,6.61
OI001572,O00046,P0312,1,4422.72,5.83
OI001573,O00583,P0200,4,9595.41,26.49
OI001574,O00438,P0562,5,8668.02,27.48
OI001575,O00001,P0069,2,6758.37,7.97
OI001576,O00495,P0069,2,5799.85,29.44
OI001577,O00948,P0507,1,33637.32,13.79
OI001578,O00921,P0352,5,2297.76,11.16
OI001579,O00481,P0266,5,587.74,26.68
OI001580,O00834,P0340,3,10070.18,20.03
OI001581,O00856,P0605,5,7411.55,24.19
OI001582,O00797,P0253,2,9417.63,13.02
OI001583,O00279,P0338,5,34656.74,29.18
OI001584,O00415,P0054,5,35579.84,25.89
OI001585,O00110,P0153,5,12762.16,23.5
OI001586,O00902,P0256,4,28522.3,27.78
OI001587,O00715,P0557,5,6245.6,22.28
OI001588,O00430,P0582,3,25408.67,7.27
OI001589,O00639,P0494,1,14299.95,27.78
OI001590,O00059,P0448,4,28788.91,4.62
OI001591,O00485,P0033,3,16715.5,3.55
OI001592,O00242,P0500,4,45782.67,11.89
OI001593,O00220,P0417,4,33497.7,8.59
OI001594,O00626,P0170,3,33082.67,9.81
OI001595,O00386,P0086,1,27136.14,23.89
OI001596,O00009,P0155,5,32938.25,26.9
OI001597,O00957,P0157,1,18772.44,5.33
OI001598,O00137,P0300,3,13734.31,27.54
OI001599,O00717,P0367,5,27157.84,4.96
OI001600,O00318,P0340,1,8041.69,17.49
OI001601,O00041,P0631,1,34558.53,5.77
OI001602,O00175,P0402,4,29361.69,17.8
OI001603,O00631,P0540,1,4777.93,8.53
OI001604,O00067,P0475,5,36902.86,4.72
OI001605,O00795,P0529,1,34199.03,6.71
OI001606,O00291,P0034,4,26603.7,19.95
OI001607,O00712,P0486,4,34380.1,15.27
OI001608,O00301,P0412,4,34056.65,7.05
OI001609,O00868,P0318,3,13498.47,13.84
OI001610,O00721,P0160,1,15265.73,17.63
OI001611,O00121,P0153,1,17428.77,3.78
OI001612,O00741,P0077,3,2631.45,20.63
OI001613,O00594,P0246,4,37818.0,3.68
OI001614,O00660,P0567,5,18596.92,21.27
OI001615,O00918,P0486,1,34463.36,11.72
OI001616,O00354,P0069,1,4727.45,25.59
OI001617,O00259,P0400,2,11183.18,13.91
OI001618,O00990,P0409,3,11897.37,24.47
OI001619,O00764,P0434,3,43892.85,22.55
OI001620,O00889,P0190,1,18617.51,4.93
OI001621,O00257,P0427,1,12012.55,29.65
OI001622,O00152,P0045,2,21343.48,18.12
OI001623,O00981,P0286,2,7763.41,12.54
OI001624,O00790,P0011,3,12308.23,24.01
OI001625,O00382,P0347,1,28647.47,23.15
OI001626,O00993,P0515,2,35465.59,9.98
OI001627,O00675,P0519,3,5169.11,26.69
OI001628,O00605,P0629,5,31061.93,23.09
OI001629,O00749,P0042,4,39548.11,17.73
OI001630,O00298,P0553,4,27582.8,9.98
OI001631,O00418,P0605,1,6813.17,26.35
OI001632,O00952,P0476,5,32905.02,27.69
OI001633,O00855,P0607,2,29134.68,9.01
OI001634,O00668,P0041,2,12365.86,17.39
OI001635,O00405,P0273,1,24195.79,1.22
OI001636,O00975,P0462,2,5668.67,12.9
OI001637,O00982,P0079,3,895.94,26.98
OI001638,O00963,P0428,1,19328.73,28.58
OI001639,O00814,P0315,5,17853.94,14.9
OI001640,O00595,P0220,5,30463.48,8.63
OI001641,O00119,P0242,4,41266.01,9.86
OI001642,O00559,P0207,1,39485.19,2.39
OI001643,O00663,P0253,4,6657.19,3.9
OI001644,O00768,P0266,2,611.43,20.15
OI001645,O00426,P0167,4,31874.55,4.92
OI001646,O00100,P0297,3,18474.08,20.75
OI001647,O00655,P0072,1,39892.23,26.2
OI001648,O00874,P0005,2,24304.33,23.11
OI001649,O00777,P0278,2,26993.7,13.54
OI001650,O00125,P0514,5,9105.01,3.66
OI001651,O00685,P0631,3,34101.34,10.69
OI001652,O00095,P0363,2,26648.81,5.68
OI001653,O00968,P0258,1,34905.85,18.61
OI001654,O00993,P0090,1,24805.15,10.26
OI001655,O00535,P0549,2,31864.52,27.74
OI001656,O00647,P0361,1,33052.27,11.68
OI001657,O00775,P0444,1,5509.97,23.28
OI001658,O00413,P0219,2,5438.46,19.12
OI001659,O00793,P0602,1,23520.67,22.34
OI001660,O00855,P0508,5,22381.73,11.62
OI001661,O00658,P0379,2,24919.21,1.09
OI001662,O00193,P0005,5,27892.11,29.63
OI001663,O00957,P0383,3,39483.12,25.13
OI001664,O00993,P0324,4,26438.61,25.29
OI001665,O00609,P0535,5,31958.13,17.79
OI001666,O00485,P0508,5,24273.46,21.78
OI001667,O00349,P0124,5,8487.12,23.58
OI001668,O00654,P0326,2,21486.66,24.66
OI001669,O00301,P0041,1,9405.97,9.01
OI001670,O00988,P0142,3,9779.56,29.98
OI001671,O00288,P0350,4,4520.07,29.25
OI001672,O00373,P0078,4,22691.68,8.99
OI001673,O00024,P0028,3,804.33,21.35
OI001674,O00891,P0142,5,9011.8,25.55
OI001675,O00372,P0118,1,169.85,23.04
OI001676,O00326,P0128,2,27054.7,17.47
OI001677,O00081,P0239,1,21235.02,25.24
OI001678,O00564,P0556,1,19008.21,16.47
OI001679,O00592,P0561,3,23064.34,19.74
OI001680,O00103,P0415,1,30802.54,26.34
OI001681,O00096,P0343,3,43296.23,4.11
OI001682,O00097,P0604,1,30335.65,14.31
OI001683,O00481,P0371,4,29718.13,7.93
OI001684,O00606,P0576,2,8969.5,5.05
OI001685,O00665,P0584,1,5069.1,0.51
OI001686,O00224,P0131,2,14958.53,24.67
OI001687,O00699,P0523,2,31612.11,0.16
OI001688,O00536,P0281,5,40382.54,23.29
OI001689,O00193,P0506,5,4931.72,12.89
OI001690,O00628,P0399,2,24095.67,8.78
OI001691,O00140,P0416,5,13576.78,17.35
OI001692,O00276,P0257,5,15094.35,3.74
OI001693,O00431,P0263,5,35054.51,29.33
OI001694,O00416,P0606,2,6050.86,20.74
OI001695,O00591,P0190,5,13570.97,20.13
OI001696,O00136,P0043,2,23376.98,22.35
OI001697,O00749,P0075,4,6134.84,6.54
OI001698,O00983,P0117,5,5810.78,6.31
OI001699,O00114,P0016,4,22175.76,6.19
OI001700,O00148,P0152,1,41678.7,9.75
OI001701,O00421,P0389,5,30160.18,13.3
OI001702,O00207,P0151,2,16207.87,5.64
OI001703,O00682,P0250,4,1804.52,8.22
OI001704,O00051,P0260,1,3525.08,4.76
OI001705,O00801,P0063,4,30549.94,6.12
OI001706,O00114,P0296,2,10049.35,5.31
OI001707,O00788,P0016,4,29695.2,15.89
OI001708,O00601,P0467,3,37083.37,6.73
OI001709,O00206,P0284,4,27993.07,8.09
OI001710,O00492,P0227,4,2994.34,0.51
OI001711,O00241,P0499,4,1709.86,28.46
OI001712,O00522,P0150,1,6202.12,11.13
OI001713,O00261,P0103,3,20638.33,15.49
OI001714,O00318,P0415,1,27327.78,28.71
OI001715,O00110,P0249,3,7124.54,7.33
OI001716,O00981,P0571,5,30570.63,27.73
OI001717,O00944,P0189,4,4784.86,0.1
OI001718,O00982,P0022,3,19136.55,23.09
OI001719,O00430,P0583,3,13843.91,5.8
OI001720,O00112,P0315,4,14977.36,24.14
OI001721,O00601,P0206,4,20691.57,28.82
OI001722,O00579,P0579,3,29765.63,14.16
OI001723,O00201,P0252,3,22685.84,10.08
OI001724,O00483,P0248,5,8123.41,6.83
OI001725,O00981,P0577,1,2283.23,3.1
OI001726,O00918,P0142,2,8318.43,1.32
OI001727,O00479,P0424,5,8470.96,2.18
OI001728,O00698,P0563,4,643.23,6.62
OI001729,O00220,P0225,3,25775.9,7.69
OI001730,O00941,P0603,4,14564.99,8.41
OI001731,O00603,P0462,2,4917.96,27.71
OI001732,O00627,P0123,1,26235.45,23.73
OI001733,O00550,P0248,1,8643.24,8.31
OI001734,O00172,P0008,4,19829.5,6.49
OI001735,O00422,P0340,1,8248.66,17.49
OI001736,O00948,P0591,3,28989.81,20.89
OI001737,O00958,P0367,4,33580.16,4.93
OI001738,O00757,P0101,5,31975.67,8.26
OI001739,O00177,P0162,2,1576.44,21.97
OI001740,O00201,P0216,2,9174.12,13.83
OI001741,O00678,P0462,2,6216.98,0.94
OI001742,O00744,P0211,3,16045.06,26.4
OI001743,O00307,P0444,2,5266.57,25.01
OI001744,O00163,P0487,4,24633.7,11.24
OI001745,O00546,P0181,4,11380.09,22.93
OI001746,O00217,P0076,2,1562.79,13.04
OI001747,O00717,P0172,3,15123.24,21.41
OI001748,O00906,P0545,5,42937.47,27.51
OI001749,O00338,P0465,2,3834.9,17.83
OI001750,O00677,P0582,2,32989.42,12.75
OI001751,O00626,P0457,3,37510.23,18.19
OI001752,O00949,P0022,2,16530.54,11.27
OI001753,O00549,P0478,1,20584.32,3.46
OI001754,O00712,P0131,1,12071.35,21.01
OI001755,O00973,P0117,5,7269.95,27.28
OI001756,O00595,P0140,1,13897.7,16.17
OI001757,O00238,P0131,2,15925.27,15.25
OI001758,O00622,P0558,1,20050.78,16.57
OI001759,O00348,P0539,5,14342.23,7.83
OI001760,O00563,P0141,2,432.42,14.72
OI001761,O00859,P0212,2,17643.27,6.62
OI001762,O00652,P0093,5,18409.88,13.27
OI001763,O00433,P0561,1,21676.24,9.66
OI001764,O00169,P0284,3,18850.09,22.96
OI001765,O00799,P0029,1,18085.36,21.69
OI001766,O00086,P0332,2,2364.85,24.24
OI001767,O00600,P0085,1,7897.89,14.42
OI001768,O00825,P0102,4,33562.45,16.17
OI001769,O00381,P0060,5,5750.26,4.49
OI001770,O00362,P0322,4,31167.26,23.84
OI001771,O00517,P0298,3,12494.34,2.55
OI001772,O00833,P0153,5,15440.18,16.2
OI001773,O00295,P0504,5,20846.17,2.3
OI001774,O00180,P0297,5,16071.24,1.27
OI001775,O00389,P0482,1,259.9,14.02
OI001776,O00046,P0615,1,19857.12,7.84
OI001777,O00252,P0388,3,12287.99,2.66
OI001778,O00742,P0530,3,2065.77,12.16
OI001779,O00577,P0127,2,24151.78,23.93
OI001780,O00524,P0235,3,11616.68,1.47
OI001781,O00318,P0176,5,16779.92,1.26
OI001782,O00732,P0042,4,26944.39,6.24
OI001783,O00421,P0618,5,36191.45,18.54
OI001784,O00806,P0019,5,21938.26,28.59
OI001785,O00877,P0540,2,3540.69,1.82
OI001786,O00822,P0050,1,25224.58,7.58
OI001787,O00542,P0129,5,5074.29,22.16
OI001788,O00268,P0266,2,585.08,14.21
OI001789,O00902,P0256,5,21276.2,21.55
OI001790,O00193,P0543,1,27512.58,7.27
OI001791,O00690,P0069,2,6360.28,18.57
OI001792,O00303,P0176,5,18229.43,20.08
OI001793,O00749,P0316,4,18194.02,0.62
OI001794,O00901,P0431,2,21661.4,21.76
OI001795,O00542,P0443,2,15881.88,28.82
OI001796,O00258,P0086,4,37999.06,24.66
OI001797,O00299,P0401,2,2244.3,22.51
OI001798,O00776,P0299,1,28258.85,23.66
OI001799,O00739,P0379,3,21740.44,5.61
OI001800,O00197,P0025,1,10124.68,9.23
OI001801,O00812,P0288,3,25480.53,28.8
OI001802,O00544,P0519,1,5683.05,21.92
OI001803,O00378,P0249,5,8602.35,15.56
OI001804,O00851,P0284,3,25662.02,4.03
OI001805,O00625,P0065,3,19568.88,20.6
OI001806,O00059,P0300,2,11204.1,6.48
OI001807,O00994,P0365,2,6228.92,7.73
OI001808,O00323,P0127,4,27453.49,24.2
OI001809,O00826,P0106,1,10831.81,18.0
OI001810,O00539,P0479,1,17949.85,18.19
OI001811,O00204,P0248,5,7241.09,20.36
OI001812,O00505,P0223,2,31794.59,9.69
OI001813,O00232,P0042,4,38035.72,21.7
OI001814,O00980,P0087,5,39443.65,14.9
OI001815,O00985,P0337,4,13542.05,28.82
OI001816,O00879,P0418,5,30713.39,15.73
OI001817,O00009,P0012,2,16075.72,0.8
OI001818,O00831,P0032,5,26757.36,23.36
OI001819,O00115,P0564,2,4229.42,15.72
OI001820,O00014,P0252,4,26053.27,19.11
OI001821,O00510,P0272,3,26365.46,17.88
OI001822,O00984,P0427,1,14006.82,20.4
OI001823,O00402,P0378,5,13935.38,4.02
OI001824,O00060,P0080,3,20458.35,24.26
OI001825,O00892,P0540,5,3822.94,16.18
OI001826,O00232,P0238,4,1506.59,10.29
OI001827,O00028,P0602,2,21721.39,12.22
OI001828,O00175,P0163,2,928.64,15.18
OI001829,O00076,P0247,4,6253.79,10.13
OI001830,O00079,P0096,3,34100.63,20.86
OI001831,O00878,P0303,2,28296.85,12.22
OI001832,O00766,P0045,3,25247.27,23.34
OI001833,O00346,P0245,4,21777.35,12.86
OI001834,O00990,P0049,5,10729.9,3.5
OI001835,O00132,P0438,1,42234.99,28.32
OI001836,O00896,P0058,5,44457.75,10.84
OI001837,O00408,P0624,1,41184.84,22.88
OI001838,O00396,P0159,4,7632.66,28.21
OI001839,O00218,P0104,2,29130.52,7.62
OI001840,O00349,P0366,1,8096.52,15.27
OI001841,O00188,P0448,5,21285.31,18.79
OI001842,O00497,P0436,5,9705.4,4.28
OI001843,O00216,P0539,3,15762.29,28.89
OI001844,O00119,P0249,3,9262.61,0.15
OI001845,O00541,P0460,2,34165.85,7.12
OI001846,O00884,P0565,5,3887.22,1.38
OI001847,O00240,P0385,5,37597.64,1.6
OI001848,O00684,P0381,4,25875.44,0.54
OI001849,O00842,P0050,5,20682.23,16.93
OI001850,O00725,P0068,3,21192.64,5.45
OI001851,O00017,P0465,3,3488.69,4.97
OI001852,O00775,P0614,5,18910.5,18.78
OI001853,O00786,P0588,4,6609.75,19.7
OI001854,O00851,P0567,5,22464.35,22.38
OI001855,O00693,P0469,1,2836.45,8.87
OI001856,O00549,P0376,5,17921.41,28.56
OI001857,O00255,P0152,3,37102.01,8.83
OI001858,O00791,P0514,3,9506.95,23.77
OI001859,O00878,P0201,2,30424.61,3.25
OI001860,O00860,P0230,3,44177.22,23.29
OI001861,O00441,P0415,5,34263.79,28.13
OI001862,O00418,P0639,1,21398.74,14.19
OI001863,O00408,P0122,4,35059.96,29.17
OI001864,O00032,P0454,2,18721.89,9.29
OI001865,O00966,P0235,5,12833.41,9.77
OI001866,O00679,P0618,3,37547.74,26.96
OI001867,O00533,P0143,5,31455.19,25.08
OI001868,O00292,P0005,3,35386.48,26.62
OI001869,O00121,P0147,5,2130.16,10.24
OI001870,O00563,P0152,4,37481.65,10.76
OI001871,O00693,P0152,4,38543.49,2.8
OI001872,O00564,P0393,5,12681.43,12.21
OI001873,O00075,P0223,1,33962.4,24.26
OI001874,O00101,P0151,2,19174.32,9.41
OI001875,O00345,P0125,3,14952.3,23.32
OI001876,O00409,P0556,2,14997.87,23.89
OI001877,O00319,P0523,3,27627.08,1.22
OI001878,O00031,P0170,4,42636.4,0.03
OI001879,O00684,P0528,4,4676.27,27.22
OI001880,O00399,P0066,1,24213.67,29.39
OI001881,O00397,P0517,2,793.02,20.05
OI001882,O00834,P0628,3,651.05,24.7
OI001883,O00027,P0051,1,30725.98,1.68
OI001884,O00664,P0287,1,15112.84,18.2
OI001885,O00879,P0331,1,1392.46,23.21
OI001886,O00884,P0536,2,9784.29,28.48
OI001887,O00658,P0423,2,10023.31,11.05
OI001888,O00653,P0288,3,20229.72,14.86
OI001889,O00454,P0615,3,23916.82,1.75
OI001890,O00966,P0461,2,44217.65,22.89
OI001891,O00422,P0135,5,22126.01,0.58
OI001892,O00818,P0096,4,31583.45,24.78
OI001893,O00945,P0395,1,32303.96,16.96
OI001894,O00955,P0618,1,39302.34,7.91
OI001895,O00407,P0538,5,404.2,29.11
OI001896,O00204,P0209,4,23365.84,28.12
OI001897,O00978,P0323,3,18045.47,5.14
OI001898,O00354,P0412,1,29773.6,27.82
OI001899,O00476,P0012,2,20973.4,26.97
OI001900,O00169,P0106,1,13599.79,0.01
OI001901,O00116,P0226,4,8344.2,15.4
OI001902,O00686,P0327,2,7074.29,16.38
OI001903,O01000,P0355,4,7433.48,6.55
OI001904,O00077,P0560,3,25931.4,17.78
OI001905,O00744,P0174,5,33881.17,4.23
OI001906,O00406,P0303,5,22710.2,24.52
OI001907,O00442,P0284,3,28300.8,7.1
OI001908,O00210,P0258,1,28528.97,16.03
OI001909,O00950,P0147,4,2241.5,14.99
OI001910,O00526,P0176,2,14561.29,25.02
OI001911,O00655,P0096,4,33624.27,17.67
OI001912,O00848,P0188,1,12881.38,7.83
OI001913,O00953,P0431,2,23616.61,10.2
OI001914,O00850,P0505,5,27415.54,22.74
OI001915,O00888,P0239,5,20907.53,3.45
OI001916,O00528,P0183,5,18073.86,9.55
OI001917,O00030,P0348,2,10964.59,13.49
OI001918,O00757,P0025,4,11476.78,17.66
OI001919,O00737,P0440,4,39065.55,29.83
OI001920,O00465,P0491,1,28837.4,28.15
OI001921,O00242,P0416,5,15745.17,4.4
OI001922,O00812,P0017,3,22724.35,11.28
OI001923,O00148,P0088,2,2169.0,18.88
OI001924,O00336,P0165,1,5243.5,20.36
OI001925,O00676,P0376,1,21013.55,16.17
OI001926,O00459,P0109,3,34990.22,4.51
OI001927,O00075,P0537,2,23088.71,17.12
OI001928,O00336,P0583,4,20907.19,22.65
OI001929,O00978,P0042,5,34381.19,23.18
OI001930,O00275,P0242,4,42319.42,16.26
OI001931,O00803,P0561,1,23449.43,3.81
OI001932,O00941,P0040,3,37348.71,28.54
OI001933,O00709,P0237,5,34002.37,21.58
OI001934,O00734,P0258,5,35629.26,19.45
OI001935,O00306,P0622,3,22681.81,18.29
OI001936,O00567,P0069,1,5346.42,13.56
OI001937,O00559,P0521,4,38718.32,22.54
OI001938,O00037,P0453,1,20430.88,5.37
OI001939,O00917,P0559,4,36469.05,14.33
OI001940,O00553,P0193,1,2712.61,13.56
OI001941,O00390,P0081,5,11145.58,18.83
OI001942,O00997,P0474,4,6847.19,14.77
OI001943,O00555,P0155,5,35008.87,13.09
OI001944,O00510,P0159,2,8592.6,17.3
OI001945,O00506,P0041,5,10676.44,15.73
OI001946,O00409,P0192,2,19034.72,20.87
OI001947,O00905,P0032,3,35431.3,11.7
OI001948,O00746,P0636,3,22940.11,17.08
OI001949,O00032,P0129,2,3926.45,16.25
OI001950,O00798,P0352,3,1895.1,5.48
OI001951,O00537,P0404,4,17236.84,5.88
OI001952,O00362,P0628,3,498.28,7.4
OI001953,O00975,P0138,5,30204.74,25.4
OI001954,O00809,P0402,2,40488.18,5.84
OI001955,O00984,P0588,1,5343.92,4.93
OI001956,O00082,P0337,2,16520.78,10.14
OI001957,O00955,P0496,2,24214.31,10.3
OI001958,O00172,P0591,2,35164.02,17.67
OI001959,O00890,P0229,3,21698.5,23.45
OI001960,O00379,P0106,2,15002.01,28.19
OI001961,O00109,P0575,4,37836.16,0.77
OI001962,O00662,P0503,5,19366.43,11.59
OI001963,O00871,P0574,3,14950.41,9.61
OI001964,O00500,P0296,3,9776.04,5.82
OI001965,O00644,P0640,1,34471.83,26.82
OI001966,O00845,P0592,1,46077.16,3.4
OI001967,O00493,P0615,4,21552.6,5.97
OI001968,O00854,P0343,5,34999.84,23.8
OI001969,O00089,P0374,2,35061.83,2.65
OI001970,O00301,P0466,1,12678.09,9.83
OI001971,O00110,P0223,2,31257.0,26.58
OI001972,O00838,P0431,4,25103.35,28.52
OI001973,O00100,P0245,4,18020.5,9.52
OI001974,O00017,P0637,3,33536.96,4.49
OI001975,O00886,P0113,3,39639.55,23.77
OI001976,O00037,P0364,2,19097.94,18.47
OI001977,O00971,P0126,5,33461.9,16.84
OI001978,O00620,P0136,4,31316.55,10.83
OI001979,O00241,P0528,5,4596.46,23.01
OI001980,O00412,P0168,2,7854.08,16.72
OI001981,O00935,P0440,4,29625.19,9.73
OI001982,O00792,P0599,5,18071.46,22.63
OI001983,O00552,P0454,3,15531.06,5.03
OI001984,O00505,P0347,5,31981.54,22.22
OI001985,O00686,P0288,5,26741.93,21.99
OI001986,O00433,P0374,3,41082.09,25.25
OI001987,O00295,P0184,5,19200.3,28.74
OI001988,O00933,P0123,1,26303.48,12.84
OI001989,O00341,P0028,2,1023.22,0.19
OI001990,O00041,P0045,2,26958.37,11.18
OI001991,O00236,P0602,2,16119.33,7.09
OI001992,O00659,P0120,3,27100.71,2.08
OI001993,O00006,P0333,3,14680.67,15.65
OI001994,O00649,P0437,5,10113.05,20.46
OI001995,O00291,P0312,3,4263.66,15.74
OI001996,O00393,P0397,5,28038.92,21.5
OI001997,O00148,P0513,2,822.8,26.97
OI001998,O00808,P0453,3,23027.82,4.49
OI001999,O00007,P0134,3,15027.7,29.54
OI002000,O00721,P0173,3,36774.69,28.49
OI002001,O00072,P0540,2,4731.64,5.19
OI002002,O00557,P0110,2,21905.51,1.89
OI002003,O00205,P0623,2,23189.76,19.35
OI002004,O00642,P0314,5,31046.57,11.31
OI002005,O00009,P0094,5,13388.29,7.87
OI002006,O00164,P0210,5,15666.44,0.73
OI002007,O00170,P0484,4,30172.43,2.61
OI002008,O00467,P0183,2,19605.49,14.4
OI002009,O00329,P0268,3,24713.48,7.97
OI002010,O00139,P0390,2,22756.06,28.26
OI002011,O00334,P0147,5,1688.12,24.5
OI002012,O00876,P0466,4,15947.53,16.61
OI002013,O00748,P0106,4,10605.96,26.07
OI002014,O00736,P0452,1,29590.37,5.27
OI002015,O00469,P0222,2,26730.09,21.52
OI002016,O00223,P0580,5,41711.9,28.7
OI002017,O00949,P0031,3,17063.72,4.66
OI002018,O00979,P0582,5,24424.36,12.36
OI002019,O00176,P0105,4,22484.58,19.72
OI002020,O00600,P0079,3,785.7,16.52
OI002021,O00243,P0172,3,14773.18,21.07
OI002022,O00251,P0593,5,9669.22,16.68
OI002023,O00316,P0275,4,3507.65,21.74
OI002024,O00475,P0506,2,4755.16,11.79
OI002025,O00254,P0022,5,16004.63,25.96
OI002026,O00592,P0512,5,36257.89,3.49
OI002027,O00915,P0459,5,45910.6,25.82
OI002028,O00450,P0004,2,18303.8,13.2
OI002029,O00166,P0058,3,34246.49,27.03
OI002030,O00480,P0541,4,23288.8,6.43
OI002031,O00725,P0336,2,19679.23,16.75
OI002032,O00937,P0533,2,4331.23,0.84
OI002033,O00692,P0102,2,33682.54,11.91
OI002034,O00810,P0057,5,13872.82,1.13
OI002035,O00046,P0273,5,23778.83,24.32
OI002036,O00703,P0478,5,17824.86,25.91
OI002037,O00449,P0359,2,28862.19,21.66
OI002038,O00900,P0383,5,38488.99,7.1
OI002039,O00548,P0405,1,14771.59,27.68
OI002040,O00810,P0043,2,15451.2,29.34
OI002041,O00242,P0399,1,24003.95,25.66
OI002042,O00588,P0330,1,2383.88,10.41
OI002043,O00893,P0168,2,7678.77,17.12
OI002044,O00951,P0097,1,30298.74,19.29
OI002045,O00172,P0602,3,20963.44,2.77
OI002046,O00204,P0491,3,31989.2,22.05
OI002047,O00198,P0060,5,8137.73,27.35
OI002048,O00591,P0427,4,9973.6,20.6
OI002049,O00512,P0097,5,32434.52,4.36
OI002050,O00050,P0156,2,27125.54,4.72
OI002051,O00888,P0473,4,23297.53,19.81
OI002052,O00055,P0119,5,32027.59,20.2
OI002053,O00119,P0117,4,7035.3,3.89
OI002054,O00186,P0044,1,15401.11,0.96
OI002055,O00140,P0353,5,38770.43,27.97
OI002056,O00203,P0639,2,14329.52,17.16
OI002057,O00442,P0391,3,12133.78,0.4
OI002058,O00184,P0468,3,14369.24,3.11
OI002059,O00783,P0290,2,13739.84,8.53
OI002060,O00809,P0573,4,27792.25,4.22
OI002061,O00346,P0010,5,39763.34,29.46
OI002062,O00154,P0612,3,18772.05,0.51
OI002063,O00843,P0607,2,32258.87,11.0
OI002064,O00991,P0360,4,24037.9,1.98
OI002065,O00760,P0003,2,41257.06,17.07
OI002066,O00354,P0133,5,14225.97,0.51
OI002067,O00100,P0236,4,13627.41,8.26
OI002068,O00435,P0369,5,23133.06,11.0
OI002069,O00315,P0135,2,29848.05,7.78
OI002070,O00077,P0161,1,27830.39,14.46
OI002071,O00056,P0434,1,34719.14,4.86
OI002072,O00237,P0572,4,33620.81,4.99
OI002073,O00635,P0064,4,16082.56,28.92
OI002074,O00442,P0438,5,28574.94,6.85
OI002075,O00130,P0290,5,17524.88,27.03
OI002076,O00351,P0329,3,9839.23,4.76
OI002077,O00900,P0009,2,15759.53,25.99
OI002078,O00034,P0257,1,11080.83,18.48
OI002079,O00930,P0417,4,30018.5,23.05
OI002080,O00463,P0379,4,24857.44,9.25
OI002081,O00067,P0381,4,24864.93,23.35
OI002082,O00357,P0382,3,357.11,5.17
OI002083,O00253,P0259,4,37791.43,4.11
OI002084,O00830,P0259,4,32164.89,3.32
OI002085,O00569,P0062,1,14691.06,15.43
OI002086,O00040,P0214,1,2134.14,22.1
OI002087,O00423,P0569,2,26607.2,11.96
OI002088,O00782,P0094,4,12869.69,15.49
OI002089,O00558,P0015,5,21039.71,21.8
OI002090,O00376,P0460,1,31196.05,0.91
OI002091,O00738,P0112,3,29603.39,13.9
OI002092,O00201,P0522,1,14818.65,3.05
OI002093,O00056,P0475,2,29914.14,29.06
OI002094,O00833,P0296,3,13216.71,28.62
OI002095,O00504,P0309,2,14843.43,5.25
OI002096,O00721,P0203,1,15513.52,13.05
OI002097,O00358,P0546,5,22528.05,13.4
OI002098,O00721,P0441,5,13693.83,0.89
OI002099,O00124,P0576,1,10111.83,29.99
OI002100,O00823,P0207,5,35161.35,24.68
OI002101,O00942,P0452,3,31837.59,26.69
OI002102,O00448,P0154,1,14468.49,1.92
OI002103,O00247,P0143,4,22700.62,1.73
OI002104,O00273,P0414,4,39469.32,9.32
OI002105,O00339,P0605,1,7620.02,23.85
OI002106,O00052,P0459,5,40184.19,14.02
OI002107,O00936,P0260,1,2898.74,19.65
OI002108,O00600,P0243,5,6779.1,16.56
OI002109,O00841,P0578,3,34344.14,9.45
OI002110,O00684,P0069,3,6575.81,1.27
OI002111,O00626,P0625,5,14594.68,17.69
OI002112,O00663,P0614,4,21204.27,11.85
OI002113,O00621,P0543,4,30380.49,19.44
OI002114,O00204,P0476,5,31132.39,3.61
OI002115,O00425,P0393,5,13675.88,8.78
OI002116,O00421,P0393,1,11399.05,14.55
OI002117,O00976,P0052,4,29946.97,7.99
OI002118,O00239,P0180,3,2198.2,6.33
OI002119,O00706,P0529,5,35610.75,17.49
OI002120,O00934,P0118,5,138.56,0.44
OI002121,O00729,P0272,2,26951.25,25.44
OI002122,O00979,P0144,1,12679.23,1.53
OI002123,O00472,P0555,2,12280.15,12.32
OI002124,O00862,P0164,1,11330.52,19.81
OI002125,O00266,P0099,5,16389.5,23.98
OI002126,O00241,P0380,5,26326.24,17.86
OI002127,O00907,P0600,4,39963.48,26.92
OI002128,O00086,P0457,1,44556.36,16.13
OI002129,O00641,P0603,3,20401.98,15.25
OI002130,O00835,P0074,5,26205.24,26.82
OI002131,O00312,P0549,2,27595.55,3.61
OI002132,O00970,P0366,5,7188.24,27.81
OI002133,O00585,P0452,5,26426.25,27.98
OI002134,O00553,P0178,1,28138.76,7.79
OI002135,O00048,P0430,4,27484.07,20.0
OI002136,O00849,P0186,2,21041.93,2.55
OI002137,O00610,P0414,1,45236.64,20.04
OI002138,O00957,P0163,5,1034.24,20.23
OI002139,O00605,P0278,2,33533.82,12.7
OI002140,O00926,P0518,2,20381.85,22.56
OI002141,O00593,P0490,1,213.81,17.67
OI002142,O00235,P0122,3,36918.5,2.65
OI002143,O00595,P0435,1,25194.22,1.32
OI002144,O00922,P0567,2,17534.6,8.52
OI002145,O00916,P0568,5,34403.99,21.69
OI002146,O00363,P0111,4,15151.84,25.77
OI002147,O00675,P0409,2,11101.82,1.36
OI002148,O00620,P0433,3,44206.5,11.29
OI002149,O00560,P0256,3,28831.8,12.88
OI002150,O00273,P0465,5,3107.8,1.94
OI002151,O00012,P0158,5,28965.2,11.58
OI002152,O00164,P0366,5,7925.32,24.77
OI002153,O00417,P0283,5,27360.6,0.01
OI002154,O00991,P0589,2,23933.9,12.0
OI002155,O00714,P0515,2,42253.17,26.41
OI002156,O00141,P0266,4,568.8,29.72
OI002157,O00771,P0541,4,22247.8,2.04
OI002158,O00023,P0640,1,24667.13,2.22
OI002159,O00850,P0117,5,8546.1,29.83
OI002160,O00255,P0368,5,9755.53,4.9
OI002161,O00841,P0211,4,12741.91,6.4
OI002162,O00737,P0419,1,24434.44,29.43
OI002163,O00045,P0262,3,23169.33,2.83
OI002164,O00341,P0024,2,30754.11,28.68
OI002165,O00769,P0311,4,21120.66,3.74
OI002166,O00100,P0441,3,16221.15,26.19
OI002167,O00714,P0298,3,11146.39,17.02
OI002168,O00412,P0066,4,31903.48,14.53
OI002169,O00934,P0068,5,19647.42,7.76
OI002170,O00552,P0588,5,6038.06,16.4
OI002171,O00980,P0004,4,17492.32,16.53
OI002172,O00100,P0280,1,35189.44,12.41
OI002173,O00869,P0109,2,41605.84,18.68
OI002174,O00942,P0405,4,15585.97,16.38
OI002175,O00632,P0553,5,38396.2,7.47
OI002176,O00999,P0597,4,5109.32,16.49
OI002177,O00320,P0520,4,29957.64,20.66
OI002178,O00888,P0094,3,13986.13,7.84
OI002179,O00322,P0052,1,25460.21,4.04
OI002180,O00614,P0186,1,25338.84,23.43
OI002181,O00370,P0254,4,39171.85,1.33
OI002182,O00117,P0074,4,18319.29,20.48
OI002183,O00064,P0234,5,9854.92,23.14
OI002184,O00827,P0406,2,5598.45,7.46
OI002185,O01000,P0130,1,20477.82,7.8
OI002186,O00382,P0615,1,23793.8,0.23
OI002187,O00026,P0610,5,3950.46,4.08
OI002188,O00544,P0596,3,12191.68,8.8
OI002189,O00386,P0386,3,25766.39,22.22
OI002190,O00571,P0630,4,20906.62,12.31
OI002191,O00335,P0448,3,21848.97,24.61
OI002192,O00954,P0320,3,31391.15,10.93
OI002193,O00775,P0455,3,36228.92,0.88
OI002194,O00462,P0317,3,25294.96,5.77
OI002195,O00519,P0625,1,17519.11,7.28
OI002196,O00802,P0380,3,28753.25,26.28
OI002197,O00803,P0135,2,29021.37,10.1
OI002198,O00297,P0057,1,15258.32,10.02
OI002199,O00623,P0357,2,10917.98,0.27
OI002200,O00955,P0437,2,10564.06,3.55
OI002201,O00156,P0303,2,33495.81,23.95
OI002202,O00439,P0491,4,27682.05,4.03
OI002203,O00324,P0629,1,33935.58,3.11
OI002204,O00182,P0289,1,23150.97,27.32
OI002205,O00873,P0517,3,977.55,15.51
OI002206,O00398,P0063,1,33533.06,29.38
OI002207,O00016,P0112,4,28287.9,29.46
OI002208,O00493,P0508,5,16982.84,26.24
OI002209,O00178,P0593,5,12800.04,10.75
OI002210,O00954,P0015,3,24722.27,29.83
OI002211,O00419,P0271,2,6543.9,12.75
OI002212,O00151,P0115,2,24467.34,15.86
OI002213,O00235,P0492,3,8259.89,10.37
OI002214,O00603,P0397,5,21662.58,16.62
OI002215,O00998,P0174,3,43969.91,28.44
OI002216,O00180,P0319,2,1993.96,16.72
OI002217,O00770,P0240,5,19641.46,7.6
OI002218,O00817,P0276,1,3528.45,28.34
OI002219,O00261,P0314,3,34055.45,14.02
OI002220,O00758,P0151,2,19445.96,2.3
OI002221,O00144,P0200,2,10076.87,29.54
OI002222,O00293,P0552,5,35404.23,21.93
OI002223,O00504,P0637,1,27624.72,27.04
OI002224,O00408,P0213,2,8224.74,19.35
OI002225,O00695,P0172,4,11969.36,5.75
OI002226,O00853,P0570,5,2978.54,5.09
OI002227,O00075,P0488,3,23725.93,19.65
OI002228,O00063,P0070,5,43445.91,28.87
OI002229,O00847,P0044,3,13632.14,19.06
OI002230,O00034,P0397,5,32213.12,29.37
OI002231,O00333,P0560,5,32086.68,8.0
OI002232,O00916,P0236,3,18562.39,26.43
OI002233,O00013,P0038,1,24629.69,21.45
OI002234,O00406,P0453,4,21775.76,15.43
OI002235,O00069,P0437,3,11076.16,8.37
OI002236,O00261,P0370,3,34779.9,1.6
OI002237,O00545,P0217,5,39716.4,20.65
OI002238,O00487,P0619,5,31789.51,21.14
OI002239,O00566,P0111,1,15523.65,19.53
OI002240,O00933,P0330,2,2569.57,3.7
OI002241,O00550,P0469,5,2452.68,7.66
OI002242,O00552,P0397,5,27458.41,12.77
OI002243,O00601,P0542,5,28476.02,26.54
OI002244,O00783,P0615,1,23030.85,29.56
OI002245,O00493,P0594,2,34270.76,3.14
OI002246,O00860,P0462,2,5314.49,6.98
OI002247,O00830,P0093,5,21948.66,28.91
OI002248,O00728,P0260,2,3274.49,27.14
OI002249,O00852,P0572,2,38486.94,4.88
OI002250,O00242,P0245,5,20675.19,4.53
OI002251,O00116,P0564,4,2979.46,27.6
OI002252,O00161,P0582,2,33334.42,15.51
OI002253,O00528,P0052,5,30919.97,6.36
OI002254,O00150,P0126,1,37508.85,0.45
OI002255,O00236,P0181,1,10856.05,20.75
OI002256,O00396,P0474,4,6215.73,1.36
OI002257,O00031,P0522,5,16509.96,16.74
OI002258,O00822,P0494,4,10800.82,16.43
OI002259,O00838,P0304,2,37708.07,23.91
OI002260,O00296,P0065,2,28280.43,8.68
OI002261,O00327,P0251,1,3394.57,22.65
OI002262,O00806,P0496,3,19965.66,22.53
OI002263,O00877,P0565,2,3999.15,9.28
OI002264,O00888,P0604,3,41327.2,23.7
OI002265,O00036,P0005,2,32576.58,29.84
OI002266,O00469,P0415,2,26497.78,24.52
OI002267,O00286,P0339,5,26507.54,25.02
OI002268,O00340,P0022,1,16746.79,29.17
OI002269,O00685,P0401,4,2158.49,2.21
OI002270,O00927,P0404,3,15196.79,2.6
OI002271,O00093,P0232,3,30366.93,13.41
OI002272,O00332,P0104,4,27451.22,27.67
OI002273,O00606,P0277,5,31529.75,15.68
OI002274,O00016,P0378,5,13770.07,12.9
OI002275,O00562,P0209,3,26901.7,11.34
OI002276,O00744,P0583,5,18373.15,4.78
OI002277,O00622,P0472,1,32061.96,16.2
OI002278,O00572,P0570,5,3657.22,16.97
OI002279,O00484,P0543,4,32091.69,2.18
OI002280,O00032,P0381,5,23250.18,10.89
OI002281,O00865,P0081,5,13370.97,11.31
OI002282,O00710,P0610,2,3636.29,28.3
OI002283,O00136,P0443,3,18666.48,28.9
OI002284,O00535,P0593,5,12562.94,5.6
OI002285,O00016,P0311,1,25352.82,0.18
OI002286,O00967,P0587,3,547.81,28.22
OI002287,O00803,P0474,3,6096.05,9.43
OI002288,O00981,P0122,4,31405.19,8.72
OI002289,O00093,P0143,4,25996.1,18.06
OI002290,O00803,P0078,1,25095.92,23.92
OI002291,O00661,P0566,2,21381.25,18.26
OI002292,O00607,P0414,2,39642.47,5.31
OI002293,O00145,P0619,4,33547.79,17.63
OI002294,O00461,P0056,3,43955.11,10.99
OI002295,O00939,P0137,1,38203.47,10.4
OI002296,O00301,P0383,4,46625.23,1.36
OI002297,O00446,P0519,2,4043.95,17.34
OI002298,O00130,P0377,4,10229.62,21.31
OI002299,O00019,P0052,1,31866.73,6.59
OI002300,O00722,P0352,4,1901.04,1.59
OI002301,O00176,P0218,2,20995.2,25.94
OI002302,O00182,P0517,2,1133.0,18.33
OI002303,O00909,P0288,1,20669.89,14.56
OI002304,O00668,P0531,2,4122.02,7.85
OI002305,O00464,P0248,1,7404.54,12.59
OI002306,O00399,P0557,3,5258.73,1.98
OI002307,O00806,P0361,5,37508.2,22.59
OI002308,O00061,P0095,1,3127.66,29.24
OI002309,O00626,P0184,4,26382.85,3.28
OI002310,O00836,P0090,3,25090.19,2.43
OI002311,O00902,P0046,3,8493.06,24.51
OI002312,O00813,P0453,1,24639.93,4.08
OI002313,O00045,P0035,4,10847.79,12.91
OI002314,O00322,P0017,1,24368.86,7.69
OI002315,O00718,P0090,5,29769.85,9.37
OI002316,O00729,P0337,3,14438.23,19.38
OI002317,O00817,P0583,5,17252.43,17.79
OI002318,O00587,P0220,4,26689.25,17.86
OI002319,O00286,P0485,1,37502.0,21.98
OI002320,O00983,P0529,2,41078.28,6.07
OI002321,O00319,P0553,1,29982.34,23.12
OI002322,O00793,P0074,1,19982.97,1.36
OI002323,O00361,P0576,5,10427.28,20.54
OI002324,O00071,P0481,3,17240.74,26.45
OI002325,O00810,P0370,4,34685.5,22.92
OI002326,O00844,P0249,3,9179.63,4.54
OI002327,O00543,P0063,4,34815.56,29.37
OI002328,O00446,P0041,4,11301.45,17.65
OI002329,O00225,P0259,3,39025.73,15.1
OI002330,O00561,P0312,2,3435.72,6.84
OI002331,O00944,P0307,4,35753.89,16.21
OI002332,O00339,P0344,1,19027.03,13.33
OI002333,O00284,P0053,4,29475.25,18.6
OI002334,O00361,P0083,3,39395.89,4.78
OI002335,O00579,P0189,1,4146.17,16.23
OI002336,O00342,P0334,1,6640.1,18.87
OI002337,O00317,P0030,5,24370.32,7.01
OI002338,O00974,P0087,1,35008.56,15.23
OI002339,O00398,P0099,5,16635.28,0.57
OI002340,O00337,P0304,4,42851.98,1.62
OI002341,O00720,P0183,2,17739.32,12.18
OI002342,O00636,P0381,2,22113.16,27.6
OI002343,O00275,P0087,2,42961.05,26.79
OI002344,O00683,P0140,2,13435.63,9.41
OI002345,O00813,P0581,3,17092.16,1.79
OI002346,O00162,P0429,1,25020.49,3.33
OI002347,O00220,P0189,3,4766.8,19.64
OI002348,O00703,P0604,3,35387.53,26.72
OI002349,O00348,P0034,4,21086.76,28.68
OI002350,O00505,P0104,4,28436.7,25.34
OI002351,O00475,P0611,5,30300.24,10.62
OI002352,O00761,P0606,3,5815.21,27.4
OI002353,O00683,P0069,1,4674.3,11.78
OI002354,O00981,P0638,2,30315.1,23.19
OI002355,O00013,P0210,5,13376.41,8.32
OI002356,O00130,P0034,2,22499.69,15.19
OI002357,O00716,P0293,1,23240.26,9.0
OI002358,O00629,P0098,2,28946.53,10.1
OI002359,O00631,P0633,2,10996.59,10.78
OI002360,O00779,P0251,3,3526.27,10.21
OI002361,O00047,P0372,4,23856.95,1.78
OI002362,O00987,P0500,5,45989.23,0.39
OI002363,O00020,P0409,5,11790.09,27.42
OI002364,O00845,P0562,1,7936.4,11.61
OI002365,O00450,P0490,3,191.75,20.86
OI002366,O00248,P0492,5,8411.96,20.41
OI002367,O00734,P0225,2,31903.06,8.67
OI002368,O00595,P0385,2,27499.03,11.78
OI002369,O00470,P0388,2,10819.62,0.24
OI002370,O00165,P0358,1,7000.2,6.38
OI002371,O00389,P0322,3,24584.27,11.73
OI002372,O00293,P0110,4,25548.95,5.51
OI002373,O00063,P0193,5,2490.65,4.48
OI002374,O00809,P0228,3,14772.38,2.86
OI002375,O00016,P0034,5,18736.34,26.85
OI002376,O00432,P0049,3,8866.98,19.12
OI002377,O00983,P0555,5,17239.25,15.31
OI002378,O00249,P0016,2,30810.85,3.5
OI002379,O00394,P0404,4,14648.54,4.08
OI002380,O00950,P0008,3,20409.51,10.04
OI002381,O00999,P0469,3,2698.99,29.88
OI002382,O00570,P0558,4,20818.4,16.97
OI002383,O00191,P0091,2,6087.83,17.81
OI002384,O00434,P0321,2,2630.45,6.93
OI002385,O00864,P0248,4,9354.25,26.47
OI002386,O00817,P0010,2,36542.23,10.61
OI002387,O00192,P0081,3,13413.51,13.9
OI002388,O00026,P0612,2,15675.67,13.35
OI002389,O00094,P0354,2,28288.86,22.56
OI002390,O00007,P0187,2,26299.62,28.72
OI002391,O00102,P0624,2,29789.22,27.21
OI002392,O00538,P0129,5,4456.01,14.66
OI002393,O00005,P0376,5,15643.64,3.19
OI002394,O00115,P0517,4,847.93,11.14
OI002395,O00564,P0565,1,5023.65,26.42
OI002396,O00583,P0476,4,27510.06,20.72
OI002397,O00391,P0571,5,24009.22,1.51
OI002398,O00792,P0349,2,33733.66,22.97
OI002399,O00717,P0620,2,24414.42,29.37
OI002400,O00624,P0160,5,21677.35,14.39
OI002401,O00177,P0523,3,24401.16,26.46
OI002402,O00888,P0056,1,48566.52,4.14
OI002403,O00740,P0490,2,187.51,5.33
OI002404,O00219,P0631,3,30935.25,18.76
OI002405,O00859,P0236,2,17308.31,4.66
OI002406,O00259,P0092,3,4177.61,29.62
OI002407,O00671,P0218,2,27237.28,25.81
OI002408,O00766,P0114,1,15027.68,28.6
OI002409,O00369,P0593,5,12007.58,21.03
OI002410,O00690,P0131,1,11490.89,19.02
OI002411,O00052,P0285,2,17130.11,3.94
OI002412,O00735,P0451,4,4674.48,27.91
OI002413,O00713,P0107,2,27441.44,5.82
OI002414,O00921,P0135,5,21650.63,10.06
OI002415,O00049,P0418,3,26903.17,0.09
OI002416,O00845,P0060,3,7814.36,17.85
OI002417,O00958,P0452,4,27425.73,11.94
OI002418,O00599,P0100,5,13463.15,3.96
OI002419,O00073,P0025,2,12354.81,2.69
OI002420,O00700,P0077,4,2165.58,25.96
OI002421,O00042,P0164,5,11861.03,15.93
OI002422,O00123,P0031,3,17607.32,28.96
OI002423,O00555,P0284,1,24629.69,11.76
OI002424,O00155,P0583,1,19684.6,6.09
OI002425,O00122,P0431,4,18270.37,1.68
OI002426,O00416,P0572,3,44312.23,12.53
OI002427,O00993,P0404,4,19733.72,26.31
OI002428,O00042,P0394,2,12340.88,27.9
OI002429,O00087,P0586,5,41096.77,10.86
OI002430,O00062,P0312,5,3387.62,22.89
OI002431,O00261,P0309,1,12860.91,12.94
OI002432,O00202,P0315,5,18600.02,21.52
OI002433,O00582,P0428,3,15350.73,19.42
OI002434,O00386,P0173,4,35121.15,25.4
OI002435,O00395,P0139,4,34650.32,3.52
OI002436,O00303,P0152,3,31840.06,12.33
OI002437,O00141,P0353,5,37828.07,8.0
OI002438,O00155,P0105,5,22908.1,19.09
OI002439,O00978,P0042,5,36377.63,28.47
OI002440,O00609,P0634,1,43062.64,27.91
OI002441,O00152,P0247,3,8076.59,21.34
OI002442,O00674,P0617,5,26973.64,7.91
OI002443,O00206,P0575,3,45118.83,26.62
OI002444,O00738,P0290,4,19756.19,5.6
OI002445,O00375,P0060,3,7264.61,6.75
OI002446,O00267,P0209,1,29702.67,7.23
OI002447,O00081,P0376,5,18829.02,0.84
OI002448,O00737,P0275,3,4797.06,23.35
OI002449,O00400,P0579,3,35795.37,23.88
OI002450,O00412,P0602,3,21436.48,28.28
OI002451,O00939,P0345,2,21290.7,7.2
OI002452,O00380,P0579,4,43147.7,8.13
OI002453,O00396,P0610,5,4096.49,24.21
OI002454,O00442,P0215,3,15230.89,5.31
OI002455,O00293,P0380,1,25941.15,27.25
OI002456,O00587,P0342,5,21493.85,9.19
OI002457,O00090,P0351,2,1319.93,17.88
OI002458,O00331,P0382,5,350.36,9.06
OI002459,O00458,P0188,1,14031.07,7.19
OI002460,O00465,P0284,2,20903.24,23.31
OI002461,O00603,P0123,3,20174.2,3.68
OI002462,O00834,P0294,1,2516.32,28.61
OI002463,O00667,P0559,5,32542.91,23.78
OI002464,O00162,P0427,1,11074.92,9.5
OI002465,O00317,P0220,1,27978.71,12.38
OI002466,O00674,P0470,2,15483.6,27.22
OI002467,O00926,P0020,1,3706.59,20.59
OI002468,O00125,P0509,5,34866.24,27.59
OI002469,O00146,P0125,1,12358.64,16.47
OI002470,O00095,P0572,3,34246.06,6.27
OI002471,O00836,P0288,2,24633.54,27.18
OI002472,O00817,P0473,3,21329.24,20.41
OI002473,O00912,P0512,1,27880.93,5.82
OI002474,O00989,P0169,1,3385.13,12.33
OI002475,O00350,P0153,2,16866.75,13.88
OI002476,O00136,P0593,4,10577.72,9.72
OI002477,O00193,P0201,4,20734.11,8.36
OI002478,O00064,P0049,3,11233.99,24.41
OI002479,O00955,P0551,1,20009.09,28.08
OI002480,O00334,P0533,1,4129.57,27.62
OI002481,O00496,P0184,2,18600.81,5.59
OI002482,O00475,P0201,1,25343.96,18.13
OI002483,O00233,P0589,1,29509.27,6.53
OI002484,O00408,P0543,1,28647.74,4.93
OI002485,O00036,P0205,1,28101.81,18.67
OI002486,O00360,P0159,5,10359.53,5.28
OI002487,O00739,P0029,5,16655.58,17.27
OI002488,O00647,P0498,2,2558.95,21.57
OI002489,O00990,P0632,3,33710.14,25.79
OI002490,O00700,P0220,2,24350.23,4.52
OI002491,O00710,P0455,2,38638.85,5.7
OI002492,O00535,P0619,5,31140.28,8.62
OI002493,O00874,P0487,2,34659.31,6.77
OI002494,O00233,P0435,4,22198.01,10.5
OI002495,O00036,P0482,4,214.94,1.47
OI002496,O01000,P0472,1,31843.55,11.67
OI002497,O00510,P0125,5,14753.62,24.89
OI002498,O00205,P0392,1,9465.66,14.74
OI002499,O00160,P0407,1,1041.41,25.36
OI002500,O00844,P0568,2,45263.56,16.75
OI002501,O00574,P0189,1,4761.88,14.79
OI002502,O00813,P0447,3,24131.58,7.75
OI002503,O00413,P0491,2,27853.96,22.61
OI002504,O00135,P0150,2,8244.25,28.93
OI002505,O00708,P0158,2,36933.98,27.59
OI002506,O00521,P0019,1,21739.4,8.76
OI002507,O00158,P0356,5,10984.52,25.74
OI002508,O00580,P0159,2,8043.73,28.75
OI002509,O00415,P0060,4,6220.92,26.65
OI002510,O00346,P0218,3,24643.63,27.01
OI002511,O00249,P0492,2,7632.22,19.43
OI002512,O00545,P0058,3,36650.86,23.79
OI002513,O00283,P0109,2,28925.07,20.07
OI002514,O00235,P0574,3,20871.03,19.6
OI002515,O00332,P0154,1,17913.46,2.15
OI002516,O00794,P0396,2,37388.02,1.72
OI002517,O00804,P0295,4,17291.68,24.85
OI002518,O00485,P0376,4,15398.22,21.91
OI002519,O00810,P0489,1,754.4,7.54
OI002520,O00075,P0180,1,2133.52,12.84
OI002521,O00738,P0276,1,3612.82,22.99
OI002522,O00690,P0352,3,2035.23,0.51
OI002523,O00956,P0095,5,3313.28,17.77
OI002524,O00217,P0607,3,29154.41,14.9
OI002525,O00825,P0191,1,22324.46,0.02
OI002526,O00141,P0020,3,3148.93,29.29
OI002527,O00683,P0017,1,21512.74,19.56
OI002528,O00099,P0141,1,455.99,2.2
OI002529,O00207,P0587,2,512.45,12.9
OI002530,O00970,P0637,4,27766.14,17.0
OI002531,O00465,P0417,1,30042.5,15.7
OI002532,O00221,P0077,2,2291.79,26.8
OI002533,O00237,P0083,5,39729.32,5.56
OI002534,O00449,P0400,1,9728.57,10.17
OI002535,O00591,P0545,5,38674.98,19.46
OI002536,O00431,P0362,2,45240.73,28.08
OI002537,O00964,P0587,3,406.17,18.08
OI002538,O00646,P0393,3,12293.52,0.93
OI002539,O00525,P0594,3,26044.75,3.74
OI002540,O00047,P0164,1,11129.85,10.56
OI002541,O00025,P0359,4,30136.15,8.17
OI002542,O00290,P0578,4,37479.22,8.52
OI002543,O00008,P0053,1,26601.7,29.05
OI002544,O00476,P0407,3,1020.55,19.96
OI002545,O00446,P0510,4,6233.9,13.43
OI002546,O00461,P0318,1,14840.07,6.04
OI002547,O00912,P0357,4,10009.24,1.01
OI002548,O00879,P0340,1,7975.61,7.33
OI002549,O00323,P0227,4,2239.62,17.67
OI002550,O00396,P0280,5,34945.17,5.59
OI002551,O00476,P0453,1,18189.44,19.05
OI002552,O00666,P0368,2,9483.1,11.4
OI002553,O00329,P0212,1,16935.94,17.81
OI002554,O00737,P0010,2,35150.85,3.3
OI002555,O00542,P0166,4,13534.91,6.19
OI002556,O00307,P0242,1,46182.84,18.42
OI002557,O00939,P0539,5,19798.46,25.21
OI002558,O00782,P0345,5,21602.03,27.68
OI002559,O00424,P0447,2,21790.87,9.91
OI002560,O00269,P0301,2,31748.42,7.72
OI002561,O00075,P0314,5,31495.06,17.08
OI002562,O00618,P0605,2,7613.94,7.27
OI002563,O00723,P0266,3,592.47,8.55
OI002564,O00589,P0278,4,29015.74,15.77
OI002565,O00693,P0576,2,9260.33,1.43
OI002566,O00337,P0514,4,7804.89,21.69
OI002567,O00741,P0225,5,33180.89,16.0
OI002568,O00790,P0536,5,9735.82,8.09
OI002569,O00256,P0163,1,1062.58,29.93
OI002570,O00779,P0586,4,30817.04,20.74
OI002571,O00118,P0492,1,9236.4,9.04
OI002572,O00873,P0533,3,4463.92,18.91
OI002573,O00804,P0424,3,6539.0,24.01
OI002574,O00136,P0130,1,18181.07,1.29
OI002575,O00285,P0582,4,31769.13,11.45
OI002576,O00066,P0153,5,12761.08,1.64
OI002577,O00029,P0146,3,24671.01,23.36
OI002578,O00209,P0474,3,7525.14,25.93
OI002579,O00542,P0611,4,32494.5,17.47
OI002580,O00644,P0484,1,30631.2,12.91
OI002581,O00826,P0082,5,26326.13,28.33
OI002582,O00268,P0371,5,26746.93,7.78
OI002583,O00336,P0408,4,18027.26,2.17
OI002584,O00957,P0557,5,6267.71,26.55
OI002585,O00304,P0189,2,4537.24,4.73
OI002586,O00687,P0140,1,15856.31,5.85
OI002587,O00469,P0301,2,31139.03,6.24
OI002588,O00111,P0021,3,13966.53,13.52
OI002589,O00594,P0427,5,13296.49,20.24
OI002590,O00674,P0407,5,1262.28,0.98
OI002591,O00811,P0323,2,17037.02,8.42
OI002592,O00772,P0598,1,14050.21,24.14
OI002593,O00092,P0500,4,45157.11,1.93
OI002594,O00270,P0194,1,205.71,25.24
OI002595,O00060,P0160,2,18800.39,23.74
OI002596,O00376,P0050,2,18797.18,16.77
OI002597,O00967,P0289,4,26629.29,5.44
OI002598,O00770,P0346,2,12364.07,4.0
OI002599,O00157,P0640,2,23674.16,0.49
OI002600,O00339,P0412,5,36382.9,6.47
OI002601,O00899,P0012,2,14648.56,5.92
OI002602,O00419,P0481,4,16049.84,20.77
OI002603,O00687,P0440,4,34279.28,24.47
OI002604,O00449,P0439,2,19246.24,18.29
OI002605,O00356,P0324,2,37300.27,1.7
OI002606,O00285,P0381,2,19520.69,28.25
OI002607,O00178,P0238,5,1522.89,7.75
OI002608,O00500,P0176,2,14220.26,8.13
OI002609,O00940,P0136,1,33298.34,8.88
OI002610,O00070,P0597,1,3915.18,21.53
OI002611,O00981,P0169,2,2863.11,26.43
OI002612,O00060,P0451,4,5829.9,7.77
OI002613,O00905,P0561,4,21609.59,28.75
OI002614,O00852,P0489,4,740.88,7.81
OI002615,O00109,P0639,5,20995.9,5.49
OI002616,O00271,P0053,4,29470.74,16.25
OI002617,O00550,P0453,2,24347.8,14.07
OI002618,O00152,P0349,5,39325.78,1.92
OI002619,O00160,P0326,5,18838.75,28.67
OI002620,O00801,P0353,4,33428.85,16.01
OI002621,O00730,P0262,5,24761.32,4.42
OI002622,O00254,P0499,2,2040.19,13.54
OI002623,O00788,P0080,2,16331.67,2.54
OI002624,O00049,P0124,5,7379.98,15.41
OI002625,O00242,P0356,5,8797.38,27.55
OI002626,O00629,P0053,1,30708.05,1.48
OI002627,O00845,P0498,3,2958.58,23.94
OI002628,O00955,P0232,5,32760.4,3.11
OI002629,O00995,P0636,5,19083.55,10.65
OI002630,O00613,P0327,1,7152.94,5.18
OI002631,O00146,P0506,4,6112.3,7.49
OI002632,O00571,P0467,2,34727.27,10.82
OI002633,O00297,P0155,2,28464.46,5.28
OI002634,O00696,P0330,3,2516.38,19.38
OI002635,O00871,P0198,2,21680.06,0.05
OI002636,O00553,P0202,2,47967.96,8.83
OI002637,O00454,P0020,3,3657.82,15.56
OI002638,O00521,P0615,5,29481.01,0.35
OI002639,O00476,P0023,2,20954.8,11.23
OI002640,O00700,P0388,5,12519.47,2.14
OI002641,O00785,P0322,2,32573.83,13.45
OI002642,O00264,P0640,2,28497.65,19.04
OI002643,O00215,P0165,5,4787.48,12.42
OI002644,O00275,P0191,4,26504.56,14.22
OI002645,O00814,P0176,2,20747.29,17.02
OI002646,O00018,P0430,1,34502.63,10.48
OI002647,O00086,P0147,5,1725.19,19.62
OI002648,O00587,P0163,2,923.43,3.51
OI002649,O00331,P0422,2,11908.44,17.74
OI002650,O00324,P0597,4,4194.63,7.33
OI002651,O00685,P0159,4,8019.37,18.67
OI002652,O00304,P0186,1,21515.62,2.28
OI002653,O00680,P0267,5,28874.58,19.39
OI002654,O00565,P0349,1,29694.15,21.72
OI002655,O00229,P0553,1,27569.94,17.22
OI002656,O00873,P0231,2,23033.12,19.27
OI002657,O00182,P0157,1,28151.31,5.19
OI002658,O00079,P0383,3,41120.85,27.35
OI002659,O00116,P0383,5,35007.52,13.06
OI002660,O00428,P0550,4,24606.48,8.94
OI002661,O00009,P0108,5,19287.62,9.8
OI002662,O00570,P0552,1,30401.39,29.66
OI002663,O00769,P0138,1,22214.88,11.65
OI002664,O00584,P0516,4,8492.2,15.73
OI002665,O00251,P0323,5,15365.08,22.1
OI002666,O00398,P0413,3,28352.39,11.98
OI002667,O00319,P0123,5,22639.73,3.88
OI002668,O00304,P0186,1,23171.71,21.45
OI002669,O00447,P0150,2,5649.8,5.49
OI002670,O00313,P0067,1,13144.61,18.35
OI002671,O00545,P0224,1,15441.62,14.57
OI002672,O00524,P0583,1,14490.67,25.88
OI002673,O00458,P0159,4,9632.36,17.82
OI002674,O00628,P0286,5,7673.98,2.9
OI002675,O00165,P0528,2,3758.87,16.49
OI002676,O00059,P0226,4,9065.17,0.63
OI002677,O00705,P0174,1,29899.4,10.44
OI002678,O00202,P0167,5,33887.83,16.32
OI002679,O00194,P0100,1,12270.16,1.39
OI002680,O00830,P0185,3,33859.29,15.88
OI002681,O00241,P0565,1,5415.94,16.59
OI002682,O00166,P0429,5,26186.48,23.35
OI002683,O00786,P0628,1,468.09,11.94
OI002684,O00715,P0444,2,5541.29,22.69
OI002685,O00956,P0251,2,2831.18,16.67
OI002686,O00911,P0213,5,8047.72,11.56
OI002687,O00809,P0210,2,18001.01,12.23
OI002688,O00765,P0087,5,33130.34,3.42
OI002689,O00647,P0557,4,5731.18,13.65
OI002690,O00254,P0446,5,23882.84,23.31
OI002691,O00001,P0078,2,21112.39,15.18
OI002692,O00161,P0207,2,39972.09,4.57
OI002693,O00690,P0555,5,16119.33,6.71
OI002694,O00920,P0193,4,2523.95,21.85
OI002695,O00065,P0543,4,26621.15,28.14
OI002696,O00754,P0022,4,20459.93,14.47
OI002697,O00395,P0099,1,13379.91,18.87
OI002698,O00380,P0597,2,3748.38,26.97
OI002699,O00552,P0537,1,32283.72,24.4
OI002700,O00254,P0078,5,20827.94,18.2
OI002701,O00980,P0421,1,37891.29,15.1
OI002702,O00114,P0362,5,38266.88,25.6
OI002703,O00659,P0254,5,36408.68,10.5
OI002704,O00510,P0184,1,27376.89,24.66
OI002705,O00155,P0402,4,33190.52,28.6
OI002706,O00409,P0548,4,12906.09,18.35
OI002707,O00363,P0590,1,11465.14,13.45
OI002708,O00316,P0633,5,9584.09,26.73
OI002709,O00167,P0353,3,30936.04,8.18
OI002710,O00446,P0011,4,12434.84,26.6
OI002711,O00594,P0624,1,35520.47,18.82
OI002712,O00147,P0634,4,37883.73,29.65
OI002713,O00312,P0066,4,29718.54,11.89
OI002714,O00023,P0577,1,2162.65,17.86
OI002715,O00315,P0511,3,38061.12,20.57
OI002716,O00872,P0586,3,35027.94,2.26
OI002717,O00522,P0200,5,9604.36,25.41
OI002718,O00116,P0422,4,13141.18,25.17
OI002719,O00532,P0353,2,33494.06,17.45
OI002720,O00828,P0548,1,14039.77,8.79
OI002721,O00599,P0548,1,10486.01,9.48
OI002722,O00812,P0621,2,39009.38,15.44
OI002723,O00404,P0012,3,21854.65,3.55
OI002724,O00909,P0034,2,22209.75,28.84
OI002725,O00041,P0408,4,18611.61,18.05
OI002726,O00063,P0020,5,3164.82,16.04
OI002727,O00259,P0369,5,20818.43,6.64
OI002728,O00570,P0554,5,40775.42,26.25
OI002729,O00824,P0044,3,14573.26,20.0
OI002730,O00554,P0566,2,24708.98,22.11
OI002731,O00269,P0110,5,23557.06,29.53
OI002732,O00243,P0016,2,31243.53,13.41
OI002733,O00380,P0015,1,20017.42,1.38
OI002734,O00354,P0401,4,1992.02,26.66
OI002735,O00798,P0612,3,21000.18,0.52
OI002736,O00992,P0368,4,8418.87,16.74
OI002737,O00786,P0580,2,39654.23,29.36
OI002738,O00681,P0303,4,27466.44,1.55
OI002739,O00780,P0493,1,38225.34,15.92
OI002740,O00166,P0426,1,18409.61,18.93
OI002741,O00209,P0439,3,20058.06,3.69
OI002742,O00237,P0279,3,32609.38,29.07
OI002743,O00135,P0617,5,29646.94,11.8
OI002744,O00281,P0353,4,35830.17,27.87
OI002745,O00839,P0385,2,31524.6,1.16
OI002746,O00146,P0131,1,12604.72,10.33
OI002747,O00612,P0448,4,21584.41,27.97
OI002748,O00787,P0184,2,26886.02,5.42
OI002749,O00624,P0010,3,33098.81,27.96
OI002750,O00664,P0303,4,31501.65,7.76
OI002751,O00315,P0493,4,32974.55,8.66
OI002752,O00805,P0335,3,15741.67,18.02
OI002753,O00335,P0176,1,20274.62,24.53
OI002754,O00548,P0232,3,30439.33,24.91
OI002755,O00993,P0142,3,8038.01,10.43
OI002756,O00105,P0172,5,11312.1,22.23
OI002757,O00404,P0132,2,3854.93,27.92
OI002758,O00070,P0485,2,45783.66,19.2
OI002759,O00649,P0476,4,27370.97,23.17
OI002760,O00549,P0560,2,29586.88,16.67
OI002761,O00730,P0330,5,2246.73,5.43
OI002762,O00685,P0314,2,40242.77,10.39
OI002763,O00730,P0322,1,27936.32,29.32
OI002764,O00336,P0502,3,22362.81,13.46
OI002765,O00057,P0346,1,14313.56,19.1
OI002766,O00372,P0317,5,17581.19,13.45
OI002767,O00315,P0277,4,28340.82,10.98
OI002768,O00220,P0367,2,30035.52,26.22
OI002769,O00750,P0304,1,45367.99,25.32
OI002770,O00122,P0366,5,6552.77,24.17
OI002771,O00585,P0472,2,28515.28,25.42
OI002772,O00618,P0210,1,14803.92,14.65
OI002773,O00548,P0033,2,12334.34,15.9
OI002774,O00432,P0087,1,38359.99,7.19
OI002775,O00660,P0535,5,34531.7,12.81
OI002776,O00039,P0527,4,2034.06,26.69
OI002777,O00832,P0572,1,34776.69,5.22
OI002778,O00557,P0488,2,17318.51,24.82
OI002779,O00446,P0190,3,17372.02,9.4
OI002780,O00126,P0457,3,39086.06,24.95
OI002781,O00218,P0337,2,16177.75,24.17
OI002782,O00525,P0053,1,31459.29,25.9
OI002783,O00365,P0437,4,7999.85,8.38
OI002784,O00391,P0510,1,7477.78,13.28
OI002785,O00388,P0168,5,7504.1,17.67
OI002786,O00067,P0319,2,2079.41,11.88
OI002787,O00602,P0621,5,32818.06,11.28
OI002788,O00813,P0442,3,28735.91,10.24
OI002789,O00625,P0603,5,17930.17,0.87
OI002790,O00038,P0116,1,12271.78,16.62
OI002791,O00492,P0235,5,9807.69,27.18
OI002792,O00853,P0350,2,3127.44,2.55
OI002793,O00609,P0421,5,35154.31,8.62
OI002794,O00667,P0303,4,25451.89,28.14
OI002795,O00796,P0531,3,5041.07,28.17
OI002796,O00860,P0631,4,31522.87,13.14
OI002797,O00575,P0381,4,22247.91,21.3
OI002798,O00357,P0534,2,12335.26,22.26
OI002799,O00863,P0608,1,34810.94,2.14
OI002800,O00764,P0599,4,20540.3,18.28
OI002801,O00919,P0077,2,2166.27,16.21
OI002802,O00655,P0625,4,21095.31,13.86
OI002803,O00949,P0338,5,38264.83,27.48
OI002804,O00269,P0338,1,42381.81,23.84
OI002805,O00212,P0437,4,10199.07,4.8
OI002806,O00401,P0537,1,23208.96,21.78
OI002807,O00654,P0032,2,32391.19,10.25
OI002808,O00445,P0551,1,27835.96,17.34
OI002809,O00625,P0505,5,23206.31,28.36
OI002810,O00345,P0592,1,45443.25,0.68
OI002811,O00815,P0634,5,41270.76,5.01
OI002812,O00108,P0457,4,41945.38,11.11
OI002813,O00152,P0575,4,47117.86,17.56
OI002814,O00227,P0384,1,41695.5,19.71
OI002815,O00763,P0518,5,22866.8,22.64
OI002816,O00476,P0014,3,21969.44,20.2
OI002817,O00021,P0126,1,34180.72,23.62
OI002818,O00082,P0012,2,21806.3,15.98
OI002819,O00874,P0589,4,24393.11,19.39
OI002820,O00323,P0359,1,23844.09,12.8
OI002821,O00588,P0062,5,12130.66,16.05
OI002822,O00104,P0516,1,7040.39,9.83
OI002823,O00901,P0140,3,12136.35,13.83
OI002824,O00411,P0073,3,46919.26,23.85
OI002825,O00544,P0510,2,6465.26,12.06
OI002826,O00937,P0452,1,24600.08,10.46
OI002827,O00738,P0615,4,25775.47,6.27
OI002828,O00248,P0635,1,38815.2,18.8
OI002829,O00558,P0331,4,1177.3,18.99
OI002830,O00299,P0463,2,29216.81,10.03
OI002831,O00396,P0386,2,23836.65,17.04
OI002832,O00366,P0357,1,7727.51,8.71
OI002833,O00403,P0630,1,22962.02,25.15
OI002834,O00933,P0247,4,6862.35,13.71
OI002835,O00876,P0164,5,11167.57,29.9
OI002836,O00666,P0389,4,22246.91,27.42
OI002837,O00303,P0183,5,13869.29,24.22
OI002838,O00263,P0072,4,27328.37,26.8
OI002839,O00639,P0474,3,6913.26,6.14
OI002840,O00549,P0308,4,36058.61,1.29
OI002841,O00383,P0129,1,3762.68,16.81
OI002842,O00002,P0140,4,16559.94,0.25
OI002843,O00147,P0500,4,34115.41,4.03
OI002844,O00878,P0523,1,23651.5,7.77
OI002845,O00278,P0466,1,13831.47,17.37
OI002846,O00607,P0326,2,27469.86,17.26
OI002847,O00589,P0047,4,6581.04,7.8
OI002848,O00775,P0623,1,20606.09,5.19
OI002849,O00550,P0286,5,7135.23,22.96
OI002850,O00893,P0329,3,6933.3,21.21
OI002851,O00852,P0338,5,41729.96,13.61
OI002852,O00867,P0504,1,17451.75,26.65
OI002853,O00022,P0437,5,10964.61,29.55
OI002854,O00808,P0110,4,28720.59,24.62
OI002855,O00795,P0037,2,1041.47,6.25
OI002856,O00516,P0537,1,28187.66,6.17
OI002857,O00482,P0455,3,42548.7,6.67
OI002858,O00240,P0221,4,3658.82,14.25
OI002859,O00015,P0259,1,29380.07,0.25
OI002860,O00013,P0639,1,21043.11,10.47
OI002861,O00525,P0431,1,19919.61,3.83
OI002862,O00137,P0359,3,29912.77,29.1
OI002863,O00947,P0270,1,4970.78,5.11
OI002864,O00891,P0240,1,22181.03,21.72
OI002865,O00365,P0463,4,29924.88,8.06
OI002866,O00287,P0069,1,4789.35,20.7
OI002867,O00707,P0607,3,24789.76,6.45
OI002868,O00278,P0382,2,421.0,19.3
OI002869,O00061,P0638,4,27613.87,9.29
OI002870,O00978,P0149,2,19027.25,16.32
OI002871,O00477,P0030,5,32041.97,16.74
OI002872,O00155,P0401,3,2754.02,17.23
OI002873,O00210,P0189,2,3778.21,29.76
OI002874,O00863,P0307,2,26471.25,0.42
OI002875,O00853,P0221,2,3885.95,3.24
OI002876,O00849,P0638,1,20426.68,9.16
OI002877,O00539,P0443,1,20517.73,6.45
OI002878,O00487,P0014,2,25659.19,13.46
OI002879,O00669,P0175,1,34104.71,4.54
OI002880,O00036,P0034,5,21597.17,23.77
OI002881,O00401,P0426,2,18780.95,10.81
OI002882,O00420,P0558,5,18076.73,10.17
OI002883,O00488,P0621,3,29356.91,2.87
OI002884,O00250,P0141,3,635.68,16.89
OI002885,O00013,P0028,4,763.95,13.84
OI002886,O00195,P0037,4,978.31,2.81
OI002887,O00210,P0555,4,15108.16,22.3
OI002888,O00484,P0079,4,881.32,5.57
OI002889,O00026,P0261,3,26339.51,21.3
OI002890,O00287,P0419,1,31613.18,3.33
OI002891,O00172,P0562,1,9550.25,0.19
OI002892,O00263,P0315,2,16065.42,29.5
OI002893,O00149,P0232,3,35035.7,23.6
OI002894,O00925,P0136,2,37143.86,2.79
OI002895,O00407,P0017,2,19116.39,6.44
OI002896,O00602,P0278,1,27377.41,21.98
OI002897,O00959,P0019,5,17777.54,22.26
OI002898,O00457,P0487,2,29401.6,0.68
OI002899,O00691,P0189,4,4225.27,10.59
OI002900,O00097,P0232,2,37873.13,2.37
OI002901,O00477,P0619,3,39356.29,0.72
OI002902,O00994,P0139,3,35473.33,24.81
OI002903,O00368,P0600,5,32099.97,11.47
OI002904,O00135,P0110,1,25945.36,3.31
OI002905,O00979,P0551,5,29366.64,2.73
OI002906,O00825,P0442,5,27825.37,29.8
OI002907,O00720,P0294,5,2346.37,26.55
OI002908,O00262,P0492,5,9038.07,26.36
OI002909,O00527,P0433,2,34146.97,11.38
OI002910,O00061,P0011,5,11430.5,9.36
OI002911,O00266,P0026,5,44944.46,13.15
OI002912,O00674,P0572,1,44434.2,3.29
OI002913,O00034,P0504,3,18686.91,17.02
OI002914,O00088,P0449,3,15681.24,12.11
OI002915,O00755,P0543,2,27432.59,28.86
OI002916,O00641,P0132,2,3636.38,29.39
OI002917,O00286,P0555,3,14761.26,8.11
OI002918,O00968,P0042,5,28392.53,6.72
OI002919,O00989,P0542,4,23595.06,12.95
OI002920,O00152,P0011,2,9259.88,4.99
OI002921,O00762,P0505,2,32449.17,10.78
OI002922,O00337,P0003,2,41979.17,0.06
OI002923,O00022,P0020,5,3683.45,7.46
OI002924,O00299,P0414,4,36300.43,3.34
OI002925,O00005,P0005,5,29945.7,23.04
OI002926,O00582,P0094,1,13434.44,12.19
OI002927,O00003,P0025,5,12201.85,25.51
OI002928,O00394,P0583,2,19822.89,4.17
OI002929,O00507,P0208,4,12004.55,17.46
OI002930,O00545,P0593,4,12143.42,18.53
OI002931,O00398,P0011,5,12703.96,10.11
OI002932,O00557,P0086,5,31846.76,30.0
OI002933,O00398,P0252,1,22742.64,27.64
OI002934,O00836,P0605,5,6246.13,6.57
OI002935,O00445,P0123,1,25434.79,7.33
OI002936,O00457,P0086,1,33193.86,2.55
OI002937,O00095,P0620,5,31614.57,20.83
OI002938,O00338,P0515,2,44697.76,28.89
OI002939,O00317,P0155,1,29543.73,7.79
OI002940,O00869,P0014,1,23734.02,9.72
OI002941,O00245,P0286,4,6844.25,13.39
OI002942,O00385,P0590,5,14052.78,8.5
OI002943,O00912,P0281,4,34936.16,4.45
OI002944,O00055,P0099,1,14119.25,8.01
OI002945,O00660,P0018,2,39273.28,16.17
OI002946,O00094,P0521,2,38152.16,19.58
OI002947,O00526,P0459,5,47557.77,8.67
OI002948,O00002,P0154,4,13100.82,15.93
OI002949,O00513,P0073,4,35791.24,9.74
OI002950,O00140,P0480,2,19737.38,10.76
OI002951,O00995,P0199,4,3715.9,28.53
OI002952,O00228,P0354,4,25510.48,8.84
OI002953,O00164,P0636,1,25668.35,16.8
OI002954,O00143,P0566,3,19679.17,3.49
OI002955,O00429,P0073,2,44490.42,29.24
OI002956,O00355,P0580,1,31802.66,25.99
OI002957,O00408,P0119,1,23491.93,18.05
OI002958,O00225,P0058,3,37125.09,0.71
OI002959,O00088,P0132,5,2899.49,4.3
OI002960,O00089,P0032,1,35001.35,22.37
OI002961,O00180,P0207,2,37690.09,29.71
OI002962,O00643,P0439,1,16183.02,3.75
OI002963,O00671,P0272,5,25320.54,0.35
OI002964,O00754,P0441,4,16865.81,6.73
OI002965,O00835,P0266,3,545.4,1.38
OI002966,O00897,P0314,2,43563.51,29.35
OI002967,O00430,P0226,3,8910.91,28.99
OI002968,O00110,P0638,1,23574.53,0.21
OI002969,O00512,P0211,3,15184.16,4.47
OI002970,O00241,P0360,5,25105.62,2.49
OI002971,O00420,P0549,2,27628.65,9.54
OI002972,O00104,P0131,4,14562.59,5.5
OI002973,O00464,P0005,5,28345.33,12.55
OI002974,O00829,P0398,3,9169.8,23.5
OI002975,O00976,P0158,2,28161.45,2.3
OI002976,O00949,P0638,4,29405.4,12.26
OI002977,O00559,P0454,5,19479.42,8.09
OI002978,O00639,P0302,4,34671.15,2.42
OI002979,O00164,P0594,1,31782.23,10.85
OI002980,O00038,P0424,1,7915.12,9.1
OI002981,O99902981,P0496,3,24728.14,3.77
OI002982,O99902982,P0280,2,33153.4,9.22
OI002983,O99902983,P0389,5,23976.54,3.31
OI002984,O99902984,P0346,4,16170.1,18.14
OI002985,O99902985,P0366,2,6721.85,17.24
OI002986,O99902986,P0019,4,20964.27,8.29
OI002987,O99902987,P0092,1,3836.11,21.31
OI002988,O99902988,P0202,5,40854.7,15.94
OI002989,O99902989,P0257,1,15100.03,12.87
OI002990,O99902990,P0232,3,41185.44,23.67
OI002991,O99902991,P0516,2,9516.12,15.85
OI002992,O99902992,P0602,4,19921.57,29.79
OI002993,O99902993,P0267,1,26872.32,2.95
OI002994,O99902994,P0046,2,7947.55,24.46
OI002995,O99902995,P0320,2,34545.0,8.37
OI002996,O99902996,P0192,2,23193.4,3.55
OI002997,O99902997,P0054,3,40620.13,28.53
OI002998,O99902998,P0006,2,20322.48,3.01
OI002999,O99902999,P0519,4,4150.47,1.75
OI003000,O99903000,P0065,2,20252.41,13.4
